date_key,week_start,week_end,week_num,calendar_month,calendar_month_name,calendar_quarter,calendar_year,trading_year,trading_period,trading_period_num,week_in_trading_period,is_school_holiday_peak,is_festive_peak
2024-07-01,2024-07-01,2024-07-07,1,7,July,Q3,2024,TY1,P01,1,1,False,False
2024-07-08,2024-07-08,2024-07-14,2,7,July,Q3,2024,TY1,P01,1,2,False,False
2024-07-15,2024-07-15,2024-07-21,3,7,July,Q3,2024,TY1,P01,1,3,False,False
2024-07-22,2024-07-22,2024-07-28,4,7,July,Q3,2024,TY1,P01,1,4,False,False
2024-07-29,2024-07-29,2024-08-04,5,7,July,Q3,2024,TY1,P02,2,1,False,False
2024-08-05,2024-08-05,2024-08-11,6,8,August,Q3,2024,TY1,P02,2,2,True,False
2024-08-12,2024-08-12,2024-08-18,7,8,August,Q3,2024,TY1,P02,2,3,True,False
2024-08-19,2024-08-19,2024-08-25,8,8,August,Q3,2024,TY1,P02,2,4,True,False
2024-08-26,2024-08-26,2024-09-01,9,8,August,Q3,2024,TY1,P03,3,1,True,False
2024-09-02,2024-09-02,2024-09-08,10,9,September,Q3,2024,TY1,P03,3,2,False,False
2024-09-09,2024-09-09,2024-09-15,11,9,September,Q3,2024,TY1,P03,3,3,False,False
2024-09-16,2024-09-16,2024-09-22,12,9,September,Q3,2024,TY1,P03,3,4,False,False
2024-09-23,2024-09-23,2024-09-29,13,9,September,Q3,2024,TY1,P04,4,1,False,False
2024-09-30,2024-09-30,2024-10-06,14,9,September,Q3,2024,TY1,P04,4,2,False,False
2024-10-07,2024-10-07,2024-10-13,15,10,October,Q4,2024,TY1,P04,4,3,False,False
2024-10-14,2024-10-14,2024-10-20,16,10,October,Q4,2024,TY1,P04,4,4,False,False
2024-10-21,2024-10-21,2024-10-27,17,10,October,Q4,2024,TY1,P05,5,1,False,False
2024-10-28,2024-10-28,2024-11-03,18,10,October,Q4,2024,TY1,P05,5,2,False,False
2024-11-04,2024-11-04,2024-11-10,19,11,November,Q4,2024,TY1,P05,5,3,False,False
2024-11-11,2024-11-11,2024-11-17,20,11,November,Q4,2024,TY1,P05,5,4,False,False
2024-11-18,2024-11-18,2024-11-24,21,11,November,Q4,2024,TY1,P06,6,1,False,False
2024-11-25,2024-11-25,2024-12-01,22,11,November,Q4,2024,TY1,P06,6,2,False,False
2024-12-02,2024-12-02,2024-12-08,23,12,December,Q4,2024,TY1,P06,6,3,True,True
2024-12-09,2024-12-09,2024-12-15,24,12,December,Q4,2024,TY1,P06,6,4,True,True
2024-12-16,2024-12-16,2024-12-22,25,12,December,Q4,2024,TY1,P07,7,1,True,True
2024-12-23,2024-12-23,2024-12-29,26,12,December,Q4,2024,TY1,P07,7,2,True,True
2024-12-30,2024-12-30,2025-01-05,27,12,December,Q4,2024,TY1,P07,7,3,True,True
2025-01-06,2025-01-06,2025-01-12,28,1,January,Q1,2025,TY1,P07,7,4,True,False
2025-01-13,2025-01-13,2025-01-19,29,1,January,Q1,2025,TY1,P08,8,1,True,False
2025-01-20,2025-01-20,2025-01-26,30,1,January,Q1,2025,TY1,P08,8,2,True,False
2025-01-27,2025-01-27,2025-02-02,31,1,January,Q1,2025,TY1,P08,8,3,True,False
2025-02-03,2025-02-03,2025-02-09,32,2,February,Q1,2025,TY1,P08,8,4,False,False
2025-02-10,2025-02-10,2025-02-16,33,2,February,Q1,2025,TY1,P09,9,1,False,False
2025-02-17,2025-02-17,2025-02-23,34,2,February,Q1,2025,TY1,P09,9,2,False,False
2025-02-24,2025-02-24,2025-03-02,35,2,February,Q1,2025,TY1,P09,9,3,False,False
2025-03-03,2025-03-03,2025-03-09,36,3,March,Q1,2025,TY1,P09,9,4,False,False
2025-03-10,2025-03-10,2025-03-16,37,3,March,Q1,2025,TY1,P10,10,1,False,False
2025-03-17,2025-03-17,2025-03-23,38,3,March,Q1,2025,TY1,P10,10,2,False,False
2025-03-24,2025-03-24,2025-03-30,39,3,March,Q1,2025,TY1,P10,10,3,False,False
2025-03-31,2025-03-31,2025-04-06,40,3,March,Q1,2025,TY1,P10,10,4,False,False
2025-04-07,2025-04-07,2025-04-13,41,4,April,Q2,2025,TY1,P11,11,1,True,False
2025-04-14,2025-04-14,2025-04-20,42,4,April,Q2,2025,TY1,P11,11,2,True,False
2025-04-21,2025-04-21,2025-04-27,43,4,April,Q2,2025,TY1,P11,11,3,True,False
2025-04-28,2025-04-28,2025-05-04,44,4,April,Q2,2025,TY1,P11,11,4,True,False
2025-05-05,2025-05-05,2025-05-11,45,5,May,Q2,2025,TY1,P12,12,1,False,False
2025-05-12,2025-05-12,2025-05-18,46,5,May,Q2,2025,TY1,P12,12,2,False,False
2025-05-19,2025-05-19,2025-05-25,47,5,May,Q2,2025,TY1,P12,12,3,False,False
2025-05-26,2025-05-26,2025-06-01,48,5,May,Q2,2025,TY1,P12,12,4,False,False
2025-06-02,2025-06-02,2025-06-08,49,6,June,Q2,2025,TY1,P13,13,1,False,False
2025-06-09,2025-06-09,2025-06-15,50,6,June,Q2,2025,TY1,P13,13,2,False,False
2025-06-16,2025-06-16,2025-06-22,51,6,June,Q2,2025,TY1,P13,13,3,False,False
2025-06-23,2025-06-23,2025-06-29,52,6,June,Q2,2025,TY1,P13,13,4,False,False
2025-06-30,2025-06-30,2025-07-06,53,6,June,Q2,2025,TY2,P01,1,1,False,False
2025-07-07,2025-07-07,2025-07-13,54,7,July,Q3,2025,TY2,P01,1,2,False,False
2025-07-14,2025-07-14,2025-07-20,55,7,July,Q3,2025,TY2,P01,1,3,False,False
2025-07-21,2025-07-21,2025-07-27,56,7,July,Q3,2025,TY2,P01,1,4,False,False
2025-07-28,2025-07-28,2025-08-03,57,7,July,Q3,2025,TY2,P02,2,1,False,False
2025-08-04,2025-08-04,2025-08-10,58,8,August,Q3,2025,TY2,P02,2,2,True,False
2025-08-11,2025-08-11,2025-08-17,59,8,August,Q3,2025,TY2,P02,2,3,True,False
2025-08-18,2025-08-18,2025-08-24,60,8,August,Q3,2025,TY2,P02,2,4,True,False
2025-08-25,2025-08-25,2025-08-31,61,8,August,Q3,2025,TY2,P03,3,1,True,False
2025-09-01,2025-09-01,2025-09-07,62,9,September,Q3,2025,TY2,P03,3,2,False,False
2025-09-08,2025-09-08,2025-09-14,63,9,September,Q3,2025,TY2,P03,3,3,False,False
2025-09-15,2025-09-15,2025-09-21,64,9,September,Q3,2025,TY2,P03,3,4,False,False
2025-09-22,2025-09-22,2025-09-28,65,9,September,Q3,2025,TY2,P04,4,1,False,False
2025-09-29,2025-09-29,2025-10-05,66,9,September,Q3,2025,TY2,P04,4,2,False,False
2025-10-06,2025-10-06,2025-10-12,67,10,October,Q4,2025,TY2,P04,4,3,False,False
2025-10-13,2025-10-13,2025-10-19,68,10,October,Q4,2025,TY2,P04,4,4,False,False
2025-10-20,2025-10-20,2025-10-26,69,10,October,Q4,2025,TY2,P05,5,1,False,False
2025-10-27,2025-10-27,2025-11-02,70,10,October,Q4,2025,TY2,P05,5,2,False,False
2025-11-03,2025-11-03,2025-11-09,71,11,November,Q4,2025,TY2,P05,5,3,False,False
2025-11-10,2025-11-10,2025-11-16,72,11,November,Q4,2025,TY2,P05,5,4,False,False
2025-11-17,2025-11-17,2025-11-23,73,11,November,Q4,2025,TY2,P06,6,1,False,False
2025-11-24,2025-11-24,2025-11-30,74,11,November,Q4,2025,TY2,P06,6,2,False,False
2025-12-01,2025-12-01,2025-12-07,75,12,December,Q4,2025,TY2,P06,6,3,True,True
2025-12-08,2025-12-08,2025-12-14,76,12,December,Q4,2025,TY2,P06,6,4,True,True
2025-12-15,2025-12-15,2025-12-21,77,12,December,Q4,2025,TY2,P07,7,1,True,True
2025-12-22,2025-12-22,2025-12-28,78,12,December,Q4,2025,TY2,P07,7,2,True,True
2025-12-29,2025-12-29,2026-01-04,79,12,December,Q4,2025,TY2,P07,7,3,True,True
2026-01-05,2026-01-05,2026-01-11,80,1,January,Q1,2026,TY2,P07,7,4,True,False
2026-01-12,2026-01-12,2026-01-18,81,1,January,Q1,2026,TY2,P08,8,1,True,False
2026-01-19,2026-01-19,2026-01-25,82,1,January,Q1,2026,TY2,P08,8,2,True,False
2026-01-26,2026-01-26,2026-02-01,83,1,January,Q1,2026,TY2,P08,8,3,True,False
2026-02-02,2026-02-02,2026-02-08,84,2,February,Q1,2026,TY2,P08,8,4,False,False
2026-02-09,2026-02-09,2026-02-15,85,2,February,Q1,2026,TY2,P09,9,1,False,False
2026-02-16,2026-02-16,2026-02-22,86,2,February,Q1,2026,TY2,P09,9,2,False,False
2026-02-23,2026-02-23,2026-03-01,87,2,February,Q1,2026,TY2,P09,9,3,False,False
2026-03-02,2026-03-02,2026-03-08,88,3,March,Q1,2026,TY2,P09,9,4,False,False
2026-03-09,2026-03-09,2026-03-15,89,3,March,Q1,2026,TY2,P10,10,1,False,False
2026-03-16,2026-03-16,2026-03-22,90,3,March,Q1,2026,TY2,P10,10,2,False,False
2026-03-23,2026-03-23,2026-03-29,91,3,March,Q1,2026,TY2,P10,10,3,False,False
2026-03-30,2026-03-30,2026-04-05,92,3,March,Q1,2026,TY2,P10,10,4,False,False
2026-04-06,2026-04-06,2026-04-12,93,4,April,Q2,2026,TY2,P11,11,1,True,False
2026-04-13,2026-04-13,2026-04-19,94,4,April,Q2,2026,TY2,P11,11,2,True,False
2026-04-20,2026-04-20,2026-04-26,95,4,April,Q2,2026,TY2,P11,11,3,True,False
2026-04-27,2026-04-27,2026-05-03,96,4,April,Q2,2026,TY2,P11,11,4,True,False
2026-05-04,2026-05-04,2026-05-10,97,5,May,Q2,2026,TY2,P12,12,1,False,False
2026-05-11,2026-05-11,2026-05-17,98,5,May,Q2,2026,TY2,P12,12,2,False,False
2026-05-18,2026-05-18,2026-05-24,99,5,May,Q2,2026,TY2,P12,12,3,False,False
2026-05-25,2026-05-25,2026-05-31,100,5,May,Q2,2026,TY2,P12,12,4,False,False
2026-06-01,2026-06-01,2026-06-07,101,6,June,Q2,2026,TY2,P13,13,1,False,False
2026-06-08,2026-06-08,2026-06-14,102,6,June,Q2,2026,TY2,P13,13,2,False,False
2026-06-15,2026-06-15,2026-06-21,103,6,June,Q2,2026,TY2,P13,13,3,False,False
2026-06-22,2026-06-22,2026-06-28,104,6,June,Q2,2026,TY2,P13,13,4,False,False
