trading_year,trading_period,period_start,chain_code,chain_name,department,opening_stock_cost,planned_sales_cost,planned_markdown_cost,planned_receipts_cost,committed_receipts_cost,otb_value,planned_closing_stock_cost
TY1,P01,2024-07-01,MER,Meridian Fashion,Menswear,121524.49,50201.96,3606.61,46363.74,38900.57,7463.17,114079.66
TY1,P02,2024-07-29,MER,Meridian Fashion,Menswear,114079.66,50266.14,3878.73,46849.47,28234.94,18614.53,106784.26
TY1,P03,2024-08-26,MER,Meridian Fashion,Menswear,106784.26,50708.17,4340.92,53799.66,41438.8,12360.86,105534.83
TY1,P04,2024-09-23,MER,Meridian Fashion,Menswear,105534.83,50945.24,2222.96,52914.08,22685.21,30228.87,105280.71
TY1,P05,2024-10-21,MER,Meridian Fashion,Menswear,105280.71,51392.77,3489.56,55993.55,31330.45,24663.1,106391.93
TY1,P06,2024-11-18,MER,Meridian Fashion,Menswear,106391.93,52021.07,4348.3,56942.05,27764.23,29177.82,106964.61
TY1,P07,2024-12-16,MER,Meridian Fashion,Menswear,106964.61,52297.98,1706.39,49085.44,34721.67,14363.77,102045.68
TY1,P08,2025-01-13,MER,Meridian Fashion,Menswear,102045.68,53418.02,4703.49,52427.45,29711.0,22716.45,96351.62
TY1,P09,2025-02-10,MER,Meridian Fashion,Menswear,96351.62,53747.06,2223.42,50118.08,30775.87,19342.21,90499.22
TY1,P10,2025-03-10,MER,Meridian Fashion,Menswear,90499.22,53303.93,3741.34,53799.02,41678.38,12120.64,87252.97
TY1,P11,2025-04-07,MER,Meridian Fashion,Menswear,87252.97,52679.63,2567.71,58372.45,44488.21,13884.24,90378.08
TY1,P12,2025-05-05,MER,Meridian Fashion,Menswear,90378.08,52741.1,2494.64,56465.88,26137.41,30328.47,91608.22
TY1,P13,2025-06-02,MER,Meridian Fashion,Menswear,91608.22,53099.17,1616.43,58235.51,40717.27,17518.24,95128.13
TY2,P01,2025-06-30,MER,Meridian Fashion,Menswear,95128.13,52325.43,4020.88,53096.13,34827.53,18268.6,91877.95
TY2,P02,2025-07-28,MER,Meridian Fashion,Menswear,91877.95,52181.46,1924.02,55682.87,34077.54,21605.33,93455.34
TY2,P03,2025-08-25,MER,Meridian Fashion,Menswear,93455.34,51303.32,3893.92,54313.78,35255.66,19058.12,92571.88
TY2,P04,2025-09-22,MER,Meridian Fashion,Menswear,92571.88,51668.2,2492.32,46899.46,27976.6,18922.86,85310.82
TY2,P05,2025-10-20,MER,Meridian Fashion,Menswear,85310.82,52111.5,2840.69,58018.38,29315.11,28703.27,88377.01
TY2,P06,2025-11-17,MER,Meridian Fashion,Menswear,88377.01,51632.36,2420.68,50258.86,35073.77,15185.09,84582.83
TY2,P07,2025-12-15,MER,Meridian Fashion,Menswear,84582.83,51411.76,3960.45,54808.97,31946.73,22862.24,84019.59
TY2,P08,2026-01-12,MER,Meridian Fashion,Menswear,84019.59,51646.6,2066.81,46775.19,20605.48,26169.71,77081.37
TY2,P09,2026-02-09,MER,Meridian Fashion,Menswear,77081.37,51028.99,2945.02,47983.47,30012.23,17971.24,71090.83
TY2,P10,2026-03-09,MER,Meridian Fashion,Menswear,71090.83,51274.31,3680.43,51865.97,29639.3,22226.67,68002.06
TY2,P11,2026-04-06,MER,Meridian Fashion,Menswear,68002.06,51057.26,3462.55,50569.82,22222.53,28347.29,64052.07
TY2,P12,2026-05-04,MER,Meridian Fashion,Menswear,64052.07,50381.93,4419.19,56787.75,40595.76,16191.99,66038.7
TY2,P13,2026-06-01,MER,Meridian Fashion,Menswear,66038.7,50191.4,4424.4,54943.91,39702.5,15241.41,66366.81
TY1,P01,2024-07-01,MER,Meridian Fashion,Womenswear,80031.23,34886.66,2935.93,35373.12,17370.45,18002.67,77581.76
TY1,P02,2024-07-29,MER,Meridian Fashion,Womenswear,77581.76,35038.21,2268.84,33082.84,25985.79,7097.05,73357.55
TY1,P03,2024-08-26,MER,Meridian Fashion,Womenswear,73357.55,35063.49,2565.52,35344.81,24115.37,11229.44,71073.35
TY1,P04,2024-09-23,MER,Meridian Fashion,Womenswear,71073.35,35625.13,2457.81,32814.7,19265.95,13548.75,65805.11
TY1,P05,2024-10-21,MER,Meridian Fashion,Womenswear,65805.11,35703.5,2129.34,35077.45,16312.27,18765.18,63049.72
TY1,P06,2024-11-18,MER,Meridian Fashion,Womenswear,63049.72,36225.95,2364.06,34148.33,27875.42,6272.91,58608.04
TY1,P07,2024-12-16,MER,Meridian Fashion,Womenswear,58608.04,36084.74,1833.54,37807.02,15510.77,22296.25,58496.78
TY1,P08,2025-01-13,MER,Meridian Fashion,Womenswear,58496.78,35554.0,2095.49,38955.94,17032.65,21923.29,59803.23
TY1,P09,2025-02-10,MER,Meridian Fashion,Womenswear,59803.23,36263.92,2155.62,41139.84,27040.3,14099.54,62523.53
TY1,P10,2025-03-10,MER,Meridian Fashion,Womenswear,62523.53,35490.76,1633.23,34883.59,22126.75,12756.84,60283.13
TY1,P11,2025-04-07,MER,Meridian Fashion,Womenswear,60283.13,35273.52,1103.95,39032.72,31353.9,7678.82,62938.38
TY1,P12,2025-05-05,MER,Meridian Fashion,Womenswear,62938.38,35217.56,2227.23,32651.75,22938.12,9713.63,58145.34
TY1,P13,2025-06-02,MER,Meridian Fashion,Womenswear,58145.34,35198.62,2591.31,38442.59,17240.86,21201.73,58798.0
TY2,P01,2025-06-30,MER,Meridian Fashion,Womenswear,58798.0,35022.88,1534.45,31848.17,20691.23,11156.94,54088.84
TY2,P02,2025-07-28,MER,Meridian Fashion,Womenswear,54088.84,35768.33,2853.86,39418.95,21393.16,18025.79,54885.6
TY2,P03,2025-08-25,MER,Meridian Fashion,Womenswear,54885.6,36101.54,1713.2,37139.97,19133.93,18006.04,54210.83
TY2,P04,2025-09-22,MER,Meridian Fashion,Womenswear,54210.83,35865.15,1430.18,32681.32,19471.32,13210.0,49596.82
TY2,P05,2025-10-20,MER,Meridian Fashion,Womenswear,49596.82,35406.81,2956.49,38492.58,30827.04,7665.54,49726.1
TY2,P06,2025-11-17,MER,Meridian Fashion,Womenswear,49726.1,35364.81,2161.9,34621.52,25876.32,8745.2,46820.91
TY2,P07,2025-12-15,MER,Meridian Fashion,Womenswear,46820.91,35219.48,1846.19,32529.3,23943.36,8585.94,42284.54
TY2,P08,2026-01-12,MER,Meridian Fashion,Womenswear,42284.54,35284.02,3041.79,33881.22,15424.12,18457.1,37839.95
TY2,P09,2026-02-09,MER,Meridian Fashion,Womenswear,37839.95,35892.2,1406.87,33911.56,22711.33,11200.23,34452.44
TY2,P10,2026-03-09,MER,Meridian Fashion,Womenswear,34452.44,35494.85,1725.74,38843.83,32524.79,6319.04,36075.68
TY2,P11,2026-04-06,MER,Meridian Fashion,Womenswear,36075.68,35493.03,1371.23,32067.39,16140.97,15926.42,31278.81
TY2,P12,2026-05-04,MER,Meridian Fashion,Womenswear,31278.81,35525.19,2510.19,33054.7,20753.34,12301.36,26298.13
TY2,P13,2026-06-01,MER,Meridian Fashion,Womenswear,26298.13,35225.63,2284.98,33462.37,25493.51,7968.86,22249.89
TY1,P01,2024-07-01,MER,Meridian Fashion,Kidswear,129261.75,47207.78,1766.76,53434.04,30933.51,22500.53,133721.25
TY1,P02,2024-07-29,MER,Meridian Fashion,Kidswear,133721.25,47053.09,2790.96,50145.23,41622.07,8523.16,134022.43
TY1,P03,2024-08-26,MER,Meridian Fashion,Kidswear,134022.43,46980.39,4016.28,42574.33,27666.47,14907.86,125600.09
TY1,P04,2024-09-23,MER,Meridian Fashion,Kidswear,125600.09,47063.34,1710.93,44008.22,25903.3,18104.92,120834.04
TY1,P05,2024-10-21,MER,Meridian Fashion,Kidswear,120834.04,48248.15,3172.92,54677.5,41662.2,13015.3,124090.47
TY1,P06,2024-11-18,MER,Meridian Fashion,Kidswear,124090.47,47542.07,3664.82,42999.86,19311.87,23687.99,115883.44
TY1,P07,2024-12-16,MER,Meridian Fashion,Kidswear,115883.44,47195.45,3672.23,45220.8,28889.14,16331.66,110236.56
TY1,P08,2025-01-13,MER,Meridian Fashion,Kidswear,110236.56,46694.04,3831.92,49065.01,28735.28,20329.73,108775.61
TY1,P09,2025-02-10,MER,Meridian Fashion,Kidswear,108775.61,46284.59,3199.0,51693.99,31236.28,20457.71,110986.01
TY1,P10,2025-03-10,MER,Meridian Fashion,Kidswear,110986.01,47270.11,2089.33,51359.14,39415.88,11943.26,112985.71
TY1,P11,2025-04-07,MER,Meridian Fashion,Kidswear,112985.71,48643.34,1653.56,51007.82,23758.32,27249.5,113696.63
TY1,P12,2025-05-05,MER,Meridian Fashion,Kidswear,113696.63,49484.23,2405.93,46315.65,37721.17,8594.48,108122.12
TY1,P13,2025-06-02,MER,Meridian Fashion,Kidswear,108122.12,49699.37,2340.01,46638.06,21079.03,25559.03,102720.8
TY2,P01,2025-06-30,MER,Meridian Fashion,Kidswear,102720.8,49581.0,1652.22,46787.62,19838.97,26948.65,98275.2
TY2,P02,2025-07-28,MER,Meridian Fashion,Kidswear,98275.2,49814.8,3529.02,49735.48,27011.14,22724.34,94666.86
TY2,P03,2025-08-25,MER,Meridian Fashion,Kidswear,94666.86,49841.27,4111.92,55462.51,23270.06,32192.45,96176.18
TY2,P04,2025-09-22,MER,Meridian Fashion,Kidswear,96176.18,49792.79,2238.85,51924.33,30496.1,21428.23,96068.87
TY2,P05,2025-10-20,MER,Meridian Fashion,Kidswear,96068.87,49412.84,2590.07,50941.59,22707.33,28234.26,95007.55
TY2,P06,2025-11-17,MER,Meridian Fashion,Kidswear,95007.55,50001.42,1655.93,56562.13,25147.57,31414.56,99912.33
TY2,P07,2025-12-15,MER,Meridian Fashion,Kidswear,99912.33,50465.15,4247.11,57777.18,43963.33,13813.85,102977.25
TY2,P08,2026-01-12,MER,Meridian Fashion,Kidswear,102977.25,50598.23,3468.46,55392.37,25510.87,29881.5,104302.93
TY2,P09,2026-02-09,MER,Meridian Fashion,Kidswear,104302.93,50470.74,3071.31,56244.24,34211.11,22033.13,107005.12
TY2,P10,2026-03-09,MER,Meridian Fashion,Kidswear,107005.12,50351.2,3442.7,48670.27,22529.26,26141.01,101881.49
TY2,P11,2026-04-06,MER,Meridian Fashion,Kidswear,101881.49,49466.67,2721.33,47396.12,26796.83,20599.29,97089.61
TY2,P12,2026-05-04,MER,Meridian Fashion,Kidswear,97089.61,49893.97,2477.22,49637.82,35172.59,14465.23,94356.24
TY2,P13,2026-06-01,MER,Meridian Fashion,Kidswear,94356.24,49727.1,4322.85,56146.22,34609.07,21537.15,96452.51
TY1,P01,2024-07-01,MER,Meridian Fashion,School Uniforms,75495.75,30295.53,2095.09,33358.35,21340.17,12018.18,76463.48
TY1,P02,2024-07-29,MER,Meridian Fashion,School Uniforms,76463.48,30315.69,1433.61,32853.82,16133.92,16719.9,77568.0
TY1,P03,2024-08-26,MER,Meridian Fashion,School Uniforms,77568.0,30552.87,2494.43,28506.61,19283.89,9222.72,73027.31
TY1,P04,2024-09-23,MER,Meridian Fashion,School Uniforms,73027.31,30782.28,2263.82,28354.28,23283.77,5070.51,68335.49
TY1,P05,2024-10-21,MER,Meridian Fashion,School Uniforms,68335.49,30761.67,2692.66,33844.64,22579.69,11264.95,68725.8
TY1,P06,2024-11-18,MER,Meridian Fashion,School Uniforms,68725.8,30957.79,2405.63,35183.74,18085.23,17098.51,70546.12
TY1,P07,2024-12-16,MER,Meridian Fashion,School Uniforms,70546.12,30581.17,1091.84,32233.82,15378.15,16855.67,71106.93
TY1,P08,2025-01-13,MER,Meridian Fashion,School Uniforms,71106.93,30934.47,1990.5,31444.77,19973.22,11471.55,69626.73
TY1,P09,2025-02-10,MER,Meridian Fashion,School Uniforms,69626.73,30956.76,2413.22,31669.95,21213.07,10456.88,67926.7
TY1,P10,2025-03-10,MER,Meridian Fashion,School Uniforms,67926.7,30773.77,1144.29,28597.32,12567.64,16029.68,64605.96
TY1,P11,2025-04-07,MER,Meridian Fashion,School Uniforms,64605.96,30887.13,1702.39,33777.56,23713.68,10063.88,65794.0
TY1,P12,2025-05-05,MER,Meridian Fashion,School Uniforms,65794.0,31217.15,2619.18,34046.46,17763.42,16283.04,66004.13
TY1,P13,2025-06-02,MER,Meridian Fashion,School Uniforms,66004.13,30947.64,1512.3,29072.3,13562.3,15510.0,62616.49
TY2,P01,2025-06-30,MER,Meridian Fashion,School Uniforms,62616.49,31257.06,1758.97,31126.72,22671.41,8455.31,60727.18
TY2,P02,2025-07-28,MER,Meridian Fashion,School Uniforms,60727.18,31024.63,2673.34,33974.31,20918.54,13055.77,61003.52
TY2,P03,2025-08-25,MER,Meridian Fashion,School Uniforms,61003.52,31028.18,2767.65,33493.06,27733.51,5759.55,60700.75
TY2,P04,2025-09-22,MER,Meridian Fashion,School Uniforms,60700.75,31200.11,2528.21,33049.29,15032.96,18016.33,60021.72
TY2,P05,2025-10-20,MER,Meridian Fashion,School Uniforms,60021.72,31700.64,2256.0,28628.08,17304.04,11324.04,54693.16
TY2,P06,2025-11-17,MER,Meridian Fashion,School Uniforms,54693.16,31192.71,1488.56,31649.28,18959.23,12690.05,53661.17
TY2,P07,2025-12-15,MER,Meridian Fashion,School Uniforms,53661.17,31329.85,2666.37,34316.32,15434.27,18882.05,53981.27
TY2,P08,2026-01-12,MER,Meridian Fashion,School Uniforms,53981.27,30606.1,2532.72,29717.82,23078.96,6638.86,50560.27
TY2,P09,2026-02-09,MER,Meridian Fashion,School Uniforms,50560.27,30820.94,2772.23,32868.1,22763.01,10105.09,49835.2
TY2,P10,2026-03-09,MER,Meridian Fashion,School Uniforms,49835.2,31055.22,2603.11,28174.84,14323.32,13851.52,44351.71
TY2,P11,2026-04-06,MER,Meridian Fashion,School Uniforms,44351.71,30999.44,2374.75,29435.55,23836.53,5599.02,40413.07
TY2,P12,2026-05-04,MER,Meridian Fashion,School Uniforms,40413.07,31161.0,1002.44,28087.2,11887.8,16199.4,36336.83
TY2,P13,2026-06-01,MER,Meridian Fashion,School Uniforms,36336.83,30539.94,2384.83,29307.29,22925.16,6382.13,32719.35
TY1,P01,2024-07-01,MER,Meridian Fashion,Sportswear,49228.16,17525.37,1337.65,18831.54,14633.82,4197.72,49196.68
TY1,P02,2024-07-29,MER,Meridian Fashion,Sportswear,49196.68,17513.25,656.67,17970.92,13214.64,4756.28,48997.68
TY1,P03,2024-08-26,MER,Meridian Fashion,Sportswear,48997.68,17529.39,1421.07,16456.65,12022.89,4433.76,46503.87
TY1,P04,2024-09-23,MER,Meridian Fashion,Sportswear,46503.87,17373.7,803.46,18719.75,15745.03,2974.72,47046.46
TY1,P05,2024-10-21,MER,Meridian Fashion,Sportswear,47046.46,17133.56,570.03,18060.1,7568.22,10491.88,47402.97
TY1,P06,2024-11-18,MER,Meridian Fashion,Sportswear,47402.97,17111.11,1241.83,16140.6,7122.43,9018.17,45190.63
TY1,P07,2024-12-16,MER,Meridian Fashion,Sportswear,45190.63,17019.75,1511.38,17268.92,13000.67,4268.25,43928.42
TY1,P08,2025-01-13,MER,Meridian Fashion,Sportswear,43928.42,16987.54,1093.06,15905.14,13133.05,2772.09,41752.96
TY1,P09,2025-02-10,MER,Meridian Fashion,Sportswear,41752.96,16929.31,1095.01,18198.06,12595.88,5602.18,41926.7
TY1,P10,2025-03-10,MER,Meridian Fashion,Sportswear,41926.7,17118.0,666.0,17581.7,10229.31,7352.39,41724.4
TY1,P11,2025-04-07,MER,Meridian Fashion,Sportswear,41724.4,17451.98,648.39,16291.84,8555.4,7736.44,39915.87
TY1,P12,2025-05-05,MER,Meridian Fashion,Sportswear,39915.87,17639.8,982.08,18570.24,12731.44,5838.8,39864.23
TY1,P13,2025-06-02,MER,Meridian Fashion,Sportswear,39864.23,17695.17,964.86,16888.4,11226.36,5662.04,38092.6
TY2,P01,2025-06-30,MER,Meridian Fashion,Sportswear,38092.6,17497.45,562.78,17577.94,10781.6,6796.34,37610.31
TY2,P02,2025-07-28,MER,Meridian Fashion,Sportswear,37610.31,17690.97,1138.37,18424.14,13189.86,5234.28,37205.11
TY2,P03,2025-08-25,MER,Meridian Fashion,Sportswear,37205.11,17640.66,1219.78,17271.15,13028.4,4242.75,35615.82
TY2,P04,2025-09-22,MER,Meridian Fashion,Sportswear,35615.82,17828.34,996.34,18835.7,10591.24,8244.46,35626.84
TY2,P05,2025-10-20,MER,Meridian Fashion,Sportswear,35626.84,17868.11,1325.86,20040.89,16322.82,3718.07,36473.76
TY2,P06,2025-11-17,MER,Meridian Fashion,Sportswear,36473.76,17857.96,1093.2,19643.18,10636.84,9006.34,37165.78
TY2,P07,2025-12-15,MER,Meridian Fashion,Sportswear,37165.78,17705.89,1056.13,16448.14,7112.61,9335.53,34851.9
TY2,P08,2026-01-12,MER,Meridian Fashion,Sportswear,34851.9,17898.05,596.61,17363.84,9556.34,7807.5,33721.08
TY2,P09,2026-02-09,MER,Meridian Fashion,Sportswear,33721.08,17842.81,871.33,19371.46,7876.58,11494.88,34378.4
TY2,P10,2026-03-09,MER,Meridian Fashion,Sportswear,34378.4,17487.59,1423.37,17366.32,8146.99,9219.33,32833.76
TY2,P11,2026-04-06,MER,Meridian Fashion,Sportswear,32833.76,17361.77,645.52,17209.5,14306.14,2903.36,32035.97
TY2,P12,2026-05-04,MER,Meridian Fashion,Sportswear,32035.97,17782.0,1357.23,17386.18,12334.61,5051.57,30282.92
TY2,P13,2026-06-01,MER,Meridian Fashion,Sportswear,30282.92,17504.43,932.47,18558.58,7513.02,11045.56,30404.6
TY1,P01,2024-07-01,MER,Meridian Fashion,Footwear,61631.33,24570.72,981.71,27250.8,23029.92,4220.88,63329.7
TY1,P02,2024-07-29,MER,Meridian Fashion,Footwear,63329.7,24332.34,1954.96,27923.32,12948.55,14974.77,64965.72
TY1,P03,2024-08-26,MER,Meridian Fashion,Footwear,64965.72,24673.93,1321.4,22700.32,16795.93,5904.39,61670.71
TY1,P04,2024-09-23,MER,Meridian Fashion,Footwear,61670.71,24737.64,1438.73,23195.7,11166.8,12028.9,58690.04
TY1,P05,2024-10-21,MER,Meridian Fashion,Footwear,58690.04,24626.68,804.77,23597.61,12540.4,11057.21,56856.2
TY1,P06,2024-11-18,MER,Meridian Fashion,Footwear,56856.2,24494.0,1596.68,25065.26,10974.87,14090.39,55830.78
TY1,P07,2024-12-16,MER,Meridian Fashion,Footwear,55830.78,24080.91,1941.29,25511.25,17656.77,7854.48,55319.83
TY1,P08,2025-01-13,MER,Meridian Fashion,Footwear,55319.83,24019.9,1820.09,21966.85,12410.69,9556.16,51446.69
TY1,P09,2025-02-10,MER,Meridian Fashion,Footwear,51446.69,24189.68,1216.92,26877.63,16587.73,10289.9,52917.72
TY1,P10,2025-03-10,MER,Meridian Fashion,Footwear,52917.72,24261.38,1968.11,24896.98,20149.09,4747.89,51585.21
TY1,P11,2025-04-07,MER,Meridian Fashion,Footwear,51585.21,24078.57,1950.76,23720.95,14812.97,8907.98,49276.83
TY1,P12,2025-05-05,MER,Meridian Fashion,Footwear,49276.83,23954.86,869.53,23946.19,19463.51,4482.68,48398.63
TY1,P13,2025-06-02,MER,Meridian Fashion,Footwear,48398.63,23967.11,974.27,23600.75,11475.19,12125.56,47058.0
TY2,P01,2025-06-30,MER,Meridian Fashion,Footwear,47058.0,23928.85,2049.45,24217.24,13038.34,11178.9,45296.94
TY2,P02,2025-07-28,MER,Meridian Fashion,Footwear,45296.94,23582.33,717.82,22863.2,16378.4,6484.8,43859.99
TY2,P03,2025-08-25,MER,Meridian Fashion,Footwear,43859.99,23627.1,2100.65,24928.7,15328.1,9600.6,43060.94
TY2,P04,2025-09-22,MER,Meridian Fashion,Footwear,43060.94,23567.43,1984.37,25456.92,21216.94,4239.98,42966.06
TY2,P05,2025-10-20,MER,Meridian Fashion,Footwear,42966.06,23498.2,1927.04,21818.69,15918.61,5900.08,39359.51
TY2,P06,2025-11-17,MER,Meridian Fashion,Footwear,39359.51,23221.71,1467.29,24696.88,20656.89,4039.99,39367.39
TY2,P07,2025-12-15,MER,Meridian Fashion,Footwear,39367.39,22937.86,1084.82,24851.76,18327.99,6523.77,40196.47
TY2,P08,2026-01-12,MER,Meridian Fashion,Footwear,40196.47,22840.62,854.97,20790.37,15588.71,5201.66,37291.25
TY2,P09,2026-02-09,MER,Meridian Fashion,Footwear,37291.25,22721.72,2025.24,23090.8,19397.72,3693.08,35635.09
TY2,P10,2026-03-09,MER,Meridian Fashion,Footwear,35635.09,22838.83,1772.77,21039.24,13674.62,7364.62,32062.73
TY2,P11,2026-04-06,MER,Meridian Fashion,Footwear,32062.73,22693.43,1939.88,25090.89,10453.79,14637.1,32520.31
TY2,P12,2026-05-04,MER,Meridian Fashion,Footwear,32520.31,22310.91,734.52,20689.37,14562.99,6126.38,30164.25
TY2,P13,2026-06-01,MER,Meridian Fashion,Footwear,30164.25,21993.26,1680.8,24552.49,17990.69,6561.8,31042.68
TY1,P01,2024-07-01,MER,Meridian Fashion,Home & Textiles,104577.51,50725.85,3414.55,56535.55,22728.71,33806.84,106972.66
TY1,P02,2024-07-29,MER,Meridian Fashion,Home & Textiles,106972.66,50862.26,3592.77,46152.51,26796.61,19355.9,98670.14
TY1,P03,2024-08-26,MER,Meridian Fashion,Home & Textiles,98670.14,50652.89,3560.73,48597.12,38088.07,10509.05,93053.64
TY1,P04,2024-09-23,MER,Meridian Fashion,Home & Textiles,93053.64,51468.88,4179.31,50168.57,33394.41,16774.16,87574.02
TY1,P05,2024-10-21,MER,Meridian Fashion,Home & Textiles,87574.02,51309.08,2385.33,57550.29,27878.35,29671.94,91429.9
TY1,P06,2024-11-18,MER,Meridian Fashion,Home & Textiles,91429.9,51606.44,2606.93,55704.5,42521.71,13182.79,92921.03
TY1,P07,2024-12-16,MER,Meridian Fashion,Home & Textiles,92921.03,52665.76,2516.46,52770.33,24357.18,28413.15,90509.14
TY1,P08,2025-01-13,MER,Meridian Fashion,Home & Textiles,90509.14,52989.79,4761.39,56975.7,38050.98,18924.72,89733.66
TY1,P09,2025-02-10,MER,Meridian Fashion,Home & Textiles,89733.66,53076.9,4507.18,54362.91,25032.22,29330.69,86512.49
TY1,P10,2025-03-10,MER,Meridian Fashion,Home & Textiles,86512.49,53962.16,1836.33,51290.75,20924.11,30366.64,82004.75
TY1,P11,2025-04-07,MER,Meridian Fashion,Home & Textiles,82004.75,53493.21,3641.41,52734.84,31069.88,21664.96,77604.97
TY1,P12,2025-05-05,MER,Meridian Fashion,Home & Textiles,77604.97,52588.12,3950.3,54439.97,28746.67,25693.3,75506.52
TY1,P13,2025-06-02,MER,Meridian Fashion,Home & Textiles,75506.52,52545.22,2317.55,51564.5,41719.76,9844.74,72208.25
TY2,P01,2025-06-30,MER,Meridian Fashion,Home & Textiles,72208.25,52270.55,3896.2,54763.13,38008.22,16754.91,70804.63
TY2,P02,2025-07-28,MER,Meridian Fashion,Home & Textiles,70804.63,51897.41,2308.52,50891.8,23916.54,26975.26,67490.5
TY2,P03,2025-08-25,MER,Meridian Fashion,Home & Textiles,67490.5,53133.92,3384.07,58340.7,43914.26,14426.44,69313.21
TY2,P04,2025-09-22,MER,Meridian Fashion,Home & Textiles,69313.21,53567.9,3137.76,61532.13,43292.09,18240.04,74139.68
TY2,P05,2025-10-20,MER,Meridian Fashion,Home & Textiles,74139.68,53334.66,2192.63,55496.99,24743.46,30753.53,74109.38
TY2,P06,2025-11-17,MER,Meridian Fashion,Home & Textiles,74109.38,53089.94,4635.86,54586.17,32469.91,22116.26,70969.75
TY2,P07,2025-12-15,MER,Meridian Fashion,Home & Textiles,70969.75,53595.39,4694.23,49615.97,20763.57,28852.4,62296.1
TY2,P08,2026-01-12,MER,Meridian Fashion,Home & Textiles,62296.1,52351.78,1776.39,53073.16,33554.95,19518.21,61241.09
TY2,P09,2026-02-09,MER,Meridian Fashion,Home & Textiles,61241.09,52934.44,1749.89,49117.87,28145.86,20972.01,55674.63
TY2,P10,2026-03-09,MER,Meridian Fashion,Home & Textiles,55674.63,53489.81,3845.46,50909.2,27283.88,23625.32,49248.56
TY2,P11,2026-04-06,MER,Meridian Fashion,Home & Textiles,49248.56,53371.31,2935.24,48056.34,21646.1,26410.24,40998.35
TY2,P12,2026-05-04,MER,Meridian Fashion,Home & Textiles,40998.35,52818.88,1588.47,54247.2,33648.23,20598.97,40838.2
TY2,P13,2026-06-01,MER,Meridian Fashion,Home & Textiles,40838.2,51993.07,2905.35,56939.97,44330.14,12609.83,42879.75
TY1,P01,2024-07-01,MER,Meridian Fashion,Accessories,62046.92,26106.37,1534.84,27955.08,14053.4,13901.68,62360.79
TY1,P02,2024-07-29,MER,Meridian Fashion,Accessories,62360.79,26180.14,2246.86,23880.01,14503.44,9376.57,57813.8
TY1,P03,2024-08-26,MER,Meridian Fashion,Accessories,57813.8,26297.38,1026.31,23979.1,11082.96,12896.14,54469.21
TY1,P04,2024-09-23,MER,Meridian Fashion,Accessories,54469.21,26370.53,805.77,24975.01,10341.59,14633.42,52267.92
TY1,P05,2024-10-21,MER,Meridian Fashion,Accessories,52267.92,25943.36,1743.63,24916.26,16348.69,8567.57,49497.19
TY1,P06,2024-11-18,MER,Meridian Fashion,Accessories,49497.19,25678.57,2079.09,23141.15,18143.04,4998.11,44880.68
TY1,P07,2024-12-16,MER,Meridian Fashion,Accessories,44880.68,26140.17,1039.45,28577.33,22432.38,6144.95,46278.39
TY1,P08,2025-01-13,MER,Meridian Fashion,Accessories,46278.39,26143.16,2225.51,26499.08,17795.22,8703.86,44408.8
TY1,P09,2025-02-10,MER,Meridian Fashion,Accessories,44408.8,26609.86,1375.52,29358.39,15949.81,13408.58,45781.81
TY1,P10,2025-03-10,MER,Meridian Fashion,Accessories,45781.81,26780.07,1768.66,25550.57,14980.6,10569.97,42783.65
TY1,P11,2025-04-07,MER,Meridian Fashion,Accessories,42783.65,26978.24,935.78,24481.64,13609.72,10871.92,39351.27
TY1,P12,2025-05-05,MER,Meridian Fashion,Accessories,39351.27,27000.8,1078.12,29195.85,20981.34,8214.51,40468.2
TY1,P13,2025-06-02,MER,Meridian Fashion,Accessories,40468.2,27467.64,1346.72,30832.56,20572.22,10260.34,42486.4
TY2,P01,2025-06-30,MER,Meridian Fashion,Accessories,42486.4,27470.96,1061.01,29483.86,14088.12,15395.74,43438.29
TY2,P02,2025-07-28,MER,Meridian Fashion,Accessories,43438.29,27487.54,2460.31,24766.33,10091.31,14675.02,38256.77
TY2,P03,2025-08-25,MER,Meridian Fashion,Accessories,38256.77,27981.65,1821.0,26071.27,20955.72,5115.55,34525.39
TY2,P04,2025-09-22,MER,Meridian Fashion,Accessories,34525.39,27994.02,1740.44,29546.23,15450.74,14095.49,34337.16
TY2,P05,2025-10-20,MER,Meridian Fashion,Accessories,34337.16,27785.16,1824.76,27054.1,18900.79,8153.31,31781.34
TY2,P06,2025-11-17,MER,Meridian Fashion,Accessories,31781.34,27288.72,848.4,28623.91,14428.63,14195.28,32268.13
TY2,P07,2025-12-15,MER,Meridian Fashion,Accessories,32268.13,27568.66,1246.65,29021.32,18837.55,10183.77,32474.14
TY2,P08,2026-01-12,MER,Meridian Fashion,Accessories,32474.14,27663.66,1954.64,29916.66,19599.06,10317.6,32772.5
TY2,P09,2026-02-09,MER,Meridian Fashion,Accessories,32772.5,27627.08,2458.95,27760.19,17532.29,10227.9,30446.66
TY2,P10,2026-03-09,MER,Meridian Fashion,Accessories,30446.66,27571.25,2143.99,28399.97,16573.73,11826.24,29131.39
TY2,P11,2026-04-06,MER,Meridian Fashion,Accessories,29131.39,27398.08,2284.44,27363.88,19350.69,8013.19,26812.75
TY2,P12,2026-05-04,MER,Meridian Fashion,Accessories,26812.75,27472.94,2409.18,25951.23,12710.75,13240.48,22881.86
TY2,P13,2026-06-01,MER,Meridian Fashion,Accessories,22881.86,27153.68,1580.02,29417.58,23394.76,6022.82,23565.74
TY1,P01,2024-07-01,URB,Urban Basics,Menswear,80689.03,32446.61,2396.77,35553.05,23339.52,12213.53,81398.7
TY1,P02,2024-07-29,URB,Urban Basics,Menswear,81398.7,32080.68,2702.43,35814.65,27188.47,8626.18,82430.24
TY1,P03,2024-08-26,URB,Urban Basics,Menswear,82430.24,31976.01,1351.43,34722.75,14250.67,20472.08,83825.55
TY1,P04,2024-09-23,URB,Urban Basics,Menswear,83825.55,32585.18,1714.92,35186.39,28128.25,7058.14,84711.84
TY1,P05,2024-10-21,URB,Urban Basics,Menswear,84711.84,32627.88,1603.59,34330.58,22707.8,11622.78,84810.95
TY1,P06,2024-11-18,URB,Urban Basics,Menswear,84810.95,32397.12,2141.66,36733.32,22423.42,14309.9,87005.49
TY1,P07,2024-12-16,URB,Urban Basics,Menswear,87005.49,32691.48,1720.63,32643.32,14983.25,17660.07,85236.7
TY1,P08,2025-01-13,URB,Urban Basics,Menswear,85236.7,32801.51,2331.33,32305.2,26803.76,5501.44,82409.06
TY1,P09,2025-02-10,URB,Urban Basics,Menswear,82409.06,32479.39,1167.16,35349.79,28154.91,7194.88,84112.3
TY1,P10,2025-03-10,URB,Urban Basics,Menswear,84112.3,32254.15,1358.72,30526.67,19381.55,11145.12,81026.1
TY1,P11,2025-04-07,URB,Urban Basics,Menswear,81026.1,32065.5,1461.11,29221.07,18019.79,11201.28,76720.56
TY1,P12,2025-05-05,URB,Urban Basics,Menswear,76720.56,32297.75,2233.43,33068.91,14874.77,18194.14,75258.29
TY1,P13,2025-06-02,URB,Urban Basics,Menswear,75258.29,32293.77,1539.97,35238.99,27998.08,7240.91,76663.54
TY2,P01,2025-06-30,URB,Urban Basics,Menswear,76663.54,32366.61,2883.03,37078.92,30732.85,6346.07,78492.82
TY2,P02,2025-07-28,URB,Urban Basics,Menswear,78492.82,32012.74,1225.05,31248.17,20273.94,10974.23,76503.2
TY2,P03,2025-08-25,URB,Urban Basics,Menswear,76503.2,31211.88,2520.29,32903.22,21191.78,11711.44,75674.25
TY2,P04,2025-09-22,URB,Urban Basics,Menswear,75674.25,31084.41,1404.87,29221.77,22891.46,6330.31,72406.74
TY2,P05,2025-10-20,URB,Urban Basics,Menswear,72406.74,30874.27,2288.02,30071.79,17052.62,13019.17,69316.24
TY2,P06,2025-11-17,URB,Urban Basics,Menswear,69316.24,30994.59,2343.22,33879.82,16704.99,17174.83,69858.25
TY2,P07,2025-12-15,URB,Urban Basics,Menswear,69858.25,30801.74,1147.04,34622.1,15413.0,19209.1,72531.57
TY2,P08,2026-01-12,URB,Urban Basics,Menswear,72531.57,30823.27,2490.17,29124.08,17069.79,12054.29,68342.21
TY2,P09,2026-02-09,URB,Urban Basics,Menswear,68342.21,30994.52,1385.94,33398.5,26154.39,7244.11,69360.25
TY2,P10,2026-03-09,URB,Urban Basics,Menswear,69360.25,31439.7,1944.58,30248.19,15431.37,14816.82,66224.16
TY2,P11,2026-04-06,URB,Urban Basics,Menswear,66224.16,31339.75,2707.79,35163.11,26365.7,8797.41,67339.73
TY2,P12,2026-05-04,URB,Urban Basics,Menswear,67339.73,31287.67,1859.63,32302.53,20720.64,11581.89,66494.96
TY2,P13,2026-06-01,URB,Urban Basics,Menswear,66494.96,31215.0,1183.21,29074.15,24088.29,4985.86,63170.9
TY1,P01,2024-07-01,URB,Urban Basics,Womenswear,108357.2,36804.99,2328.47,35035.75,18006.03,17029.72,104259.49
TY1,P02,2024-07-29,URB,Urban Basics,Womenswear,104259.49,37151.06,1379.69,41951.43,22850.52,19100.91,107680.17
TY1,P03,2024-08-26,URB,Urban Basics,Womenswear,107680.17,37333.39,2161.63,37337.6,23871.75,13465.85,105522.75
TY1,P04,2024-09-23,URB,Urban Basics,Womenswear,105522.75,37458.77,3345.68,41376.09,30358.74,11017.35,106094.39
TY1,P05,2024-10-21,URB,Urban Basics,Womenswear,106094.39,36813.18,1442.07,41605.02,23033.55,18571.47,109444.16
TY1,P06,2024-11-18,URB,Urban Basics,Womenswear,109444.16,36551.03,1847.44,40155.48,27314.52,12840.96,111201.17
TY1,P07,2024-12-16,URB,Urban Basics,Womenswear,111201.17,36550.33,2836.97,34832.05,28412.59,6419.46,106645.92
TY1,P08,2025-01-13,URB,Urban Basics,Womenswear,106645.92,36183.97,2472.84,32586.46,27601.25,4985.21,100575.57
TY1,P09,2025-02-10,URB,Urban Basics,Womenswear,100575.57,36091.4,1217.14,36617.09,16772.95,19844.14,99884.12
TY1,P10,2025-03-10,URB,Urban Basics,Womenswear,99884.12,35989.33,2445.01,35925.7,29273.47,6652.23,97375.48
TY1,P11,2025-04-07,URB,Urban Basics,Womenswear,97375.48,35629.55,2621.29,36173.79,25212.34,10961.45,95298.43
TY1,P12,2025-05-05,URB,Urban Basics,Womenswear,95298.43,35124.73,2050.13,39954.92,22143.86,17811.06,98078.49
TY1,P13,2025-06-02,URB,Urban Basics,Womenswear,98078.49,35205.34,2488.51,39130.8,16361.14,22769.66,99515.44
TY2,P01,2025-06-30,URB,Urban Basics,Womenswear,99515.44,34710.96,2900.08,37744.86,31943.98,5800.88,99649.26
TY2,P02,2025-07-28,URB,Urban Basics,Womenswear,99649.26,34605.92,2408.56,33762.23,27900.8,5861.43,96397.01
TY2,P03,2025-08-25,URB,Urban Basics,Womenswear,96397.01,35226.87,2617.73,35254.52,23014.8,12239.72,93806.93
TY2,P04,2025-09-22,URB,Urban Basics,Womenswear,93806.93,35497.0,2148.85,39997.01,23545.66,16451.35,96158.09
TY2,P05,2025-10-20,URB,Urban Basics,Womenswear,96158.09,35475.96,1793.02,35548.3,21258.68,14289.62,94437.41
TY2,P06,2025-11-17,URB,Urban Basics,Womenswear,94437.41,35477.02,1259.56,37849.46,26304.73,11544.73,95550.29
TY2,P07,2025-12-15,URB,Urban Basics,Womenswear,95550.29,35745.31,1114.75,35088.91,17158.98,17929.93,93779.14
TY2,P08,2026-01-12,URB,Urban Basics,Womenswear,93779.14,35566.32,2903.56,34203.07,23960.35,10242.72,89512.33
TY2,P09,2026-02-09,URB,Urban Basics,Womenswear,89512.33,35584.88,1655.02,33259.89,17547.4,15712.49,85532.32
TY2,P10,2026-03-09,URB,Urban Basics,Womenswear,85532.32,35705.82,3021.41,33943.05,21857.14,12085.91,80748.14
TY2,P11,2026-04-06,URB,Urban Basics,Womenswear,80748.14,34953.16,3047.05,36788.73,18938.77,17849.96,79536.66
TY2,P12,2026-05-04,URB,Urban Basics,Womenswear,79536.66,34951.54,1720.65,39985.68,23185.87,16799.81,82850.15
TY2,P13,2026-06-01,URB,Urban Basics,Womenswear,82850.15,34776.66,1091.77,34777.19,27606.08,7171.11,81758.91
TY1,P01,2024-07-01,URB,Urban Basics,Kidswear,103770.39,42802.33,3477.22,41969.99,27072.61,14897.38,99460.83
TY1,P02,2024-07-29,URB,Urban Basics,Kidswear,99460.83,43101.33,2927.97,42391.36,21615.03,20776.33,95822.89
TY1,P03,2024-08-26,URB,Urban Basics,Kidswear,95822.89,42869.59,3662.45,47620.86,40010.67,7610.19,96911.71
TY1,P04,2024-09-23,URB,Urban Basics,Kidswear,96911.71,42337.26,3212.55,46175.03,28456.44,17718.59,97536.93
TY1,P05,2024-10-21,URB,Urban Basics,Kidswear,97536.93,41754.14,1854.45,44309.69,23492.73,20816.96,98238.03
TY1,P06,2024-11-18,URB,Urban Basics,Kidswear,98238.03,41803.55,2723.82,41907.87,20890.46,21017.41,95618.53
TY1,P07,2024-12-16,URB,Urban Basics,Kidswear,95618.53,41612.73,3397.02,39196.07,15810.84,23385.23,89804.85
TY1,P08,2025-01-13,URB,Urban Basics,Kidswear,89804.85,41166.66,3204.85,45686.49,21118.49,24568.0,91119.83
TY1,P09,2025-02-10,URB,Urban Basics,Kidswear,91119.83,41085.61,1517.79,40983.54,34810.36,6173.18,89499.97
TY1,P10,2025-03-10,URB,Urban Basics,Kidswear,89499.97,40710.55,1597.39,40942.6,27793.92,13148.68,88134.63
TY1,P11,2025-04-07,URB,Urban Basics,Kidswear,88134.63,40471.74,3595.88,37129.19,17157.36,19971.83,81196.2
TY1,P12,2025-05-05,URB,Urban Basics,Kidswear,81196.2,40646.82,1879.42,45573.71,31835.7,13738.01,84243.67
TY1,P13,2025-06-02,URB,Urban Basics,Kidswear,84243.67,40078.54,3204.35,37837.71,22345.93,15491.78,78798.49
TY2,P01,2025-06-30,URB,Urban Basics,Kidswear,78798.49,39839.63,2392.21,42689.79,29614.29,13075.5,79256.44
TY2,P02,2025-07-28,URB,Urban Basics,Kidswear,79256.44,39578.26,3560.67,40730.58,18037.11,22693.47,76848.09
TY2,P03,2025-08-25,URB,Urban Basics,Kidswear,76848.09,39774.0,3523.97,38961.88,23671.06,15290.82,72512.0
TY2,P04,2025-09-22,URB,Urban Basics,Kidswear,72512.0,40018.25,1324.01,42742.14,23892.94,18849.2,73911.88
TY2,P05,2025-10-20,URB,Urban Basics,Kidswear,73911.88,40298.67,3220.96,44542.43,26168.66,18373.77,74934.68
TY2,P06,2025-11-17,URB,Urban Basics,Kidswear,74934.68,40637.27,3044.92,44715.11,27771.03,16944.08,75967.6
TY2,P07,2025-12-15,URB,Urban Basics,Kidswear,75967.6,40539.56,1566.23,45394.87,20120.95,25273.92,79256.68
TY2,P08,2026-01-12,URB,Urban Basics,Kidswear,79256.68,40393.1,2505.6,37035.61,15694.33,21341.28,73393.59
TY2,P09,2026-02-09,URB,Urban Basics,Kidswear,73393.59,40394.36,2269.31,44177.53,18363.59,25813.94,74907.45
TY2,P10,2026-03-09,URB,Urban Basics,Kidswear,74907.45,40285.23,3198.15,37948.7,17687.46,20261.24,69372.77
TY2,P11,2026-04-06,URB,Urban Basics,Kidswear,69372.77,39440.27,3131.06,40810.25,31368.39,9441.86,67611.69
TY2,P12,2026-05-04,URB,Urban Basics,Kidswear,67611.69,39985.22,2145.96,43361.95,22368.41,20993.54,68842.46
TY2,P13,2026-06-01,URB,Urban Basics,Kidswear,68842.46,40000.1,2410.03,43502.77,26497.79,17004.98,69935.1
TY1,P01,2024-07-01,URB,Urban Basics,School Uniforms,70028.06,31384.29,2356.63,29178.84,12800.53,16378.31,65465.98
TY1,P02,2024-07-29,URB,Urban Basics,School Uniforms,65465.98,31263.7,1266.83,34570.68,20027.76,14542.92,67506.13
TY1,P03,2024-08-26,URB,Urban Basics,School Uniforms,67506.13,31564.66,1206.8,33565.38,20203.95,13361.43,68300.05
TY1,P04,2024-09-23,URB,Urban Basics,School Uniforms,68300.05,31599.58,2607.12,36146.73,28656.64,7490.09,70240.08
TY1,P05,2024-10-21,URB,Urban Basics,School Uniforms,70240.08,31151.6,1347.24,33145.88,17570.22,15575.66,70887.12
TY1,P06,2024-11-18,URB,Urban Basics,School Uniforms,70887.12,30682.04,1963.2,31839.59,24607.1,7232.49,70081.47
TY1,P07,2024-12-16,URB,Urban Basics,School Uniforms,70081.47,31234.85,986.85,28497.58,19113.36,9384.22,66357.35
TY1,P08,2025-01-13,URB,Urban Basics,School Uniforms,66357.35,30638.85,1397.47,30781.75,22811.11,7970.64,65102.78
TY1,P09,2025-02-10,URB,Urban Basics,School Uniforms,65102.78,30148.56,1919.66,30038.29,15674.39,14363.9,63072.85
TY1,P10,2025-03-10,URB,Urban Basics,School Uniforms,63072.85,30274.43,1479.96,31516.4,22203.1,9313.3,62834.86
TY1,P11,2025-04-07,URB,Urban Basics,School Uniforms,62834.86,30466.02,915.93,29036.23,23302.45,5733.78,60489.14
TY1,P12,2025-05-05,URB,Urban Basics,School Uniforms,60489.14,30577.33,1232.81,34325.07,20989.1,13335.97,63004.07
TY1,P13,2025-06-02,URB,Urban Basics,School Uniforms,63004.07,30885.4,2660.24,28256.18,14038.52,14217.66,57714.61
TY2,P01,2025-06-30,URB,Urban Basics,School Uniforms,57714.61,31490.91,1314.09,33691.55,16722.52,16969.03,58601.16
TY2,P02,2025-07-28,URB,Urban Basics,School Uniforms,58601.16,31157.64,1321.68,31334.72,15017.55,16317.17,57456.56
TY2,P03,2025-08-25,URB,Urban Basics,School Uniforms,57456.56,31125.74,2540.39,30506.32,17154.97,13351.35,54296.75
TY2,P04,2025-09-22,URB,Urban Basics,School Uniforms,54296.75,30851.99,1587.09,29809.25,20112.85,9696.4,51666.92
TY2,P05,2025-10-20,URB,Urban Basics,School Uniforms,51666.92,30701.1,2557.46,34766.44,15468.42,19298.02,53174.8
TY2,P06,2025-11-17,URB,Urban Basics,School Uniforms,53174.8,30278.03,1117.85,31940.06,14529.09,17410.97,53718.98
TY2,P07,2025-12-15,URB,Urban Basics,School Uniforms,53718.98,30679.2,2308.8,33899.05,21584.45,12314.6,54630.03
TY2,P08,2026-01-12,URB,Urban Basics,School Uniforms,54630.03,30919.28,1009.53,30929.06,16880.2,14048.86,53630.28
TY2,P09,2026-02-09,URB,Urban Basics,School Uniforms,53630.28,30740.99,1986.23,33862.67,16140.76,17721.91,54765.73
TY2,P10,2026-03-09,URB,Urban Basics,School Uniforms,54765.73,30395.84,1821.27,31107.65,26033.93,5073.72,53656.27
TY2,P11,2026-04-06,URB,Urban Basics,School Uniforms,53656.27,30422.13,1638.28,31827.27,14564.91,17262.36,53423.13
TY2,P12,2026-05-04,URB,Urban Basics,School Uniforms,53423.13,30595.7,1272.55,28326.14,22371.0,5955.14,49881.02
TY2,P13,2026-06-01,URB,Urban Basics,School Uniforms,49881.02,30289.35,1560.52,30355.0,18036.44,12318.56,48386.15
TY1,P01,2024-07-01,URB,Urban Basics,Sportswear,127290.21,42705.51,2284.3,41950.29,25294.81,16655.48,124250.69
TY1,P02,2024-07-29,URB,Urban Basics,Sportswear,124250.69,43353.27,2501.88,46157.72,29978.5,16179.22,124553.26
TY1,P03,2024-08-26,URB,Urban Basics,Sportswear,124553.26,43080.8,2186.09,42850.24,18965.0,23885.24,122136.61
TY1,P04,2024-09-23,URB,Urban Basics,Sportswear,122136.61,42873.05,3146.32,42756.19,21230.27,21525.92,118873.43
TY1,P05,2024-10-21,URB,Urban Basics,Sportswear,118873.43,42681.34,3215.29,41159.99,31777.79,9382.2,114136.79
TY1,P06,2024-11-18,URB,Urban Basics,Sportswear,114136.79,42963.93,2828.9,45852.69,19425.91,26426.78,114196.65
TY1,P07,2024-12-16,URB,Urban Basics,Sportswear,114196.65,43586.62,2334.02,49295.38,32561.56,16733.82,117571.39
TY1,P08,2025-01-13,URB,Urban Basics,Sportswear,117571.39,43596.8,1408.72,46653.14,30473.86,16179.28,119219.01
TY1,P09,2025-02-10,URB,Urban Basics,Sportswear,119219.01,43501.75,3245.56,48419.03,30183.84,18235.19,120890.73
TY1,P10,2025-03-10,URB,Urban Basics,Sportswear,120890.73,43847.95,1329.84,48086.4,26390.89,21695.51,123799.34
TY1,P11,2025-04-07,URB,Urban Basics,Sportswear,123799.34,43837.76,2296.38,45646.92,23811.89,21835.03,123312.12
TY1,P12,2025-05-05,URB,Urban Basics,Sportswear,123312.12,43645.29,3338.62,44699.22,28670.95,16028.27,121027.43
TY1,P13,2025-06-02,URB,Urban Basics,Sportswear,121027.43,44014.31,3865.11,49028.0,23750.35,25277.65,122176.01
TY2,P01,2025-06-30,URB,Urban Basics,Sportswear,122176.01,43589.41,3604.36,43311.13,19295.01,24016.12,118293.37
TY2,P02,2025-07-28,URB,Urban Basics,Sportswear,118293.37,43857.17,2583.44,45659.62,38443.8,7215.82,117512.38
TY2,P03,2025-08-25,URB,Urban Basics,Sportswear,117512.38,43420.17,2409.77,43094.35,25336.4,17757.95,114776.79
TY2,P04,2025-09-22,URB,Urban Basics,Sportswear,114776.79,42907.81,3333.29,47603.18,25133.47,22469.71,116138.87
TY2,P05,2025-10-20,URB,Urban Basics,Sportswear,116138.87,43150.44,3558.19,39093.98,24793.63,14300.35,108524.22
TY2,P06,2025-11-17,URB,Urban Basics,Sportswear,108524.22,42509.63,3035.51,39995.1,28026.52,11968.58,102974.18
TY2,P07,2025-12-15,URB,Urban Basics,Sportswear,102974.18,42500.17,2852.73,38676.16,23506.49,15169.67,96297.44
TY2,P08,2026-01-12,URB,Urban Basics,Sportswear,96297.44,42624.67,1826.88,39850.06,19319.84,20530.22,91695.95
TY2,P09,2026-02-09,URB,Urban Basics,Sportswear,91695.95,41824.18,1497.67,47546.98,27684.1,19862.88,95921.08
TY2,P10,2026-03-09,URB,Urban Basics,Sportswear,95921.08,41996.49,3715.22,38644.49,26790.34,11854.15,88853.86
TY2,P11,2026-04-06,URB,Urban Basics,Sportswear,88853.86,43134.9,2935.51,43447.91,25807.38,17640.53,86231.36
TY2,P12,2026-05-04,URB,Urban Basics,Sportswear,86231.36,43324.26,2689.4,49752.96,41365.53,8387.43,89970.66
TY2,P13,2026-06-01,URB,Urban Basics,Sportswear,89970.66,43465.87,3144.66,42398.4,34187.74,8210.66,85758.53
TY1,P01,2024-07-01,URB,Urban Basics,Footwear,49998.42,16810.15,622.82,15380.55,11929.44,3451.11,47946.0
TY1,P02,2024-07-29,URB,Urban Basics,Footwear,47946.0,16888.52,1048.67,19066.06,12494.97,6571.09,49074.87
TY1,P03,2024-08-26,URB,Urban Basics,Footwear,49074.87,16845.63,955.16,15426.88,12895.92,2530.96,46700.96
TY1,P04,2024-09-23,URB,Urban Basics,Footwear,46700.96,16990.84,702.77,16506.8,13766.14,2740.66,45514.15
TY1,P05,2024-10-21,URB,Urban Basics,Footwear,45514.15,17216.58,1412.42,18541.58,14342.07,4199.51,45426.73
TY1,P06,2024-11-18,URB,Urban Basics,Footwear,45426.73,17359.33,1397.93,19717.52,9013.29,10704.23,46386.99
TY1,P07,2024-12-16,URB,Urban Basics,Footwear,46386.99,17422.61,1093.1,18047.63,14519.58,3528.05,45918.91
TY1,P08,2025-01-13,URB,Urban Basics,Footwear,45918.91,17679.35,1278.05,18045.92,10924.67,7121.25,45007.43
TY1,P09,2025-02-10,URB,Urban Basics,Footwear,45007.43,17650.24,912.45,17612.76,7756.46,9856.3,44057.5
TY1,P10,2025-03-10,URB,Urban Basics,Footwear,44057.5,17458.46,1340.67,17659.55,14459.78,3199.77,42917.92
TY1,P11,2025-04-07,URB,Urban Basics,Footwear,42917.92,17716.39,568.88,16642.44,8198.38,8444.06,41275.09
TY1,P12,2025-05-05,URB,Urban Basics,Footwear,41275.09,18046.33,778.2,18568.57,15249.99,3318.58,41019.13
TY1,P13,2025-06-02,URB,Urban Basics,Footwear,41019.13,17791.91,786.08,16231.19,7614.39,8616.8,38672.33
TY2,P01,2025-06-30,URB,Urban Basics,Footwear,38672.33,17704.43,738.41,18450.54,14956.04,3494.5,38680.03
TY2,P02,2025-07-28,URB,Urban Basics,Footwear,38680.03,17819.82,1203.9,16937.15,12876.68,4060.47,36593.46
TY2,P03,2025-08-25,URB,Urban Basics,Footwear,36593.46,18217.15,1491.04,20716.74,11530.01,9186.73,37602.01
TY2,P04,2025-09-22,URB,Urban Basics,Footwear,37602.01,18061.91,786.7,18232.78,15052.29,3180.49,36986.18
TY2,P05,2025-10-20,URB,Urban Basics,Footwear,36986.18,18066.98,1377.54,18701.48,9019.05,9682.43,36243.14
TY2,P06,2025-11-17,URB,Urban Basics,Footwear,36243.14,18320.13,1267.6,19569.81,11656.6,7913.21,36225.22
TY2,P07,2025-12-15,URB,Urban Basics,Footwear,36225.22,18488.88,1355.5,17420.56,14311.01,3109.55,33801.4
TY2,P08,2026-01-12,URB,Urban Basics,Footwear,33801.4,18317.12,667.45,18764.28,11892.75,6871.53,33581.11
TY2,P09,2026-02-09,URB,Urban Basics,Footwear,33581.11,18301.84,1028.56,21023.39,13009.83,8013.56,35274.1
TY2,P10,2026-03-09,URB,Urban Basics,Footwear,35274.1,18506.97,1023.55,16965.46,11313.09,5652.37,32709.04
TY2,P11,2026-04-06,URB,Urban Basics,Footwear,32709.04,18773.23,1281.4,17134.48,14420.79,2713.69,29788.89
TY2,P12,2026-05-04,URB,Urban Basics,Footwear,29788.89,19057.92,1597.16,19417.93,8294.35,11123.58,28551.74
TY2,P13,2026-06-01,URB,Urban Basics,Footwear,28551.74,19155.09,1319.61,20983.24,12436.27,8546.97,29060.28
TY1,P01,2024-07-01,URB,Urban Basics,Home & Textiles,124837.64,43746.81,2224.98,46618.02,32741.44,13876.58,125483.87
TY1,P02,2024-07-29,URB,Urban Basics,Home & Textiles,125483.87,43429.82,2269.41,43702.14,33452.04,10250.1,123486.78
TY1,P03,2024-08-26,URB,Urban Basics,Home & Textiles,123486.78,43447.3,3223.55,44095.85,21914.44,22181.41,120911.78
TY1,P04,2024-09-23,URB,Urban Basics,Home & Textiles,120911.78,42679.32,1616.24,40530.24,27644.51,12885.73,117146.46
TY1,P05,2024-10-21,URB,Urban Basics,Home & Textiles,117146.46,41714.59,3490.73,40385.84,18166.6,22219.24,112326.98
TY1,P06,2024-11-18,URB,Urban Basics,Home & Textiles,112326.98,41106.75,1614.07,39027.44,20727.41,18300.03,108633.6
TY1,P07,2024-12-16,URB,Urban Basics,Home & Textiles,108633.6,41338.31,3429.82,45064.4,32386.47,12677.93,108929.87
TY1,P08,2025-01-13,URB,Urban Basics,Home & Textiles,108929.87,41003.68,2110.09,41807.4,19496.53,22310.87,107623.5
TY1,P09,2025-02-10,URB,Urban Basics,Home & Textiles,107623.5,41076.97,1992.23,38276.3,24788.03,13488.27,102830.6
TY1,P10,2025-03-10,URB,Urban Basics,Home & Textiles,102830.6,40636.75,1389.61,41460.89,31178.38,10282.51,102265.13
TY1,P11,2025-04-07,URB,Urban Basics,Home & Textiles,102265.13,40169.39,3169.54,40653.84,31272.99,9380.85,99580.04
TY1,P12,2025-05-05,URB,Urban Basics,Home & Textiles,99580.04,39918.49,2061.74,37686.6,23002.7,14683.9,95286.41
TY1,P13,2025-06-02,URB,Urban Basics,Home & Textiles,95286.41,40117.57,1783.45,43645.72,23622.42,20023.3,97031.11
TY2,P01,2025-06-30,URB,Urban Basics,Home & Textiles,97031.11,40170.67,1520.6,40560.54,21754.0,18806.54,95900.38
TY2,P02,2025-07-28,URB,Urban Basics,Home & Textiles,95900.38,39368.27,1738.5,42942.47,35148.48,7793.99,97736.08
TY2,P03,2025-08-25,URB,Urban Basics,Home & Textiles,97736.08,39884.8,2735.3,44543.07,37838.15,6704.92,99659.05
TY2,P04,2025-09-22,URB,Urban Basics,Home & Textiles,99659.05,38788.09,3234.41,43720.08,33059.08,10661.0,101356.63
TY2,P05,2025-10-20,URB,Urban Basics,Home & Textiles,101356.63,39206.57,1367.1,35440.83,21786.91,13653.92,96223.79
TY2,P06,2025-11-17,URB,Urban Basics,Home & Textiles,96223.79,39448.58,2147.65,41107.07,26656.83,14450.24,95734.63
TY2,P07,2025-12-15,URB,Urban Basics,Home & Textiles,95734.63,38989.08,1423.86,37285.04,28219.27,9065.77,92606.73
TY2,P08,2026-01-12,URB,Urban Basics,Home & Textiles,92606.73,38331.19,3437.9,42863.01,34309.89,8553.12,93700.65
TY2,P09,2026-02-09,URB,Urban Basics,Home & Textiles,93700.65,38653.15,2091.12,37378.42,25149.5,12228.92,90334.8
TY2,P10,2026-03-09,URB,Urban Basics,Home & Textiles,90334.8,38561.67,1954.25,40075.23,21373.52,18701.71,89894.11
TY2,P11,2026-04-06,URB,Urban Basics,Home & Textiles,89894.11,38714.19,1614.81,35403.6,29285.22,6118.38,84968.71
TY2,P12,2026-05-04,URB,Urban Basics,Home & Textiles,84968.71,38572.7,3087.64,41285.61,20079.86,21205.75,84593.98
TY2,P13,2026-06-01,URB,Urban Basics,Home & Textiles,84593.98,38870.3,3059.84,37555.63,30456.8,7098.83,80219.47
TY1,P01,2024-07-01,URB,Urban Basics,Accessories,57041.87,21058.19,928.99,20406.48,17019.69,3386.79,55461.17
TY1,P02,2024-07-29,URB,Urban Basics,Accessories,55461.17,21092.32,1176.9,21263.78,10926.73,10337.05,54455.73
TY1,P03,2024-08-26,URB,Urban Basics,Accessories,54455.73,21045.93,1606.04,20931.85,16239.07,4692.78,52735.61
TY1,P04,2024-09-23,URB,Urban Basics,Accessories,52735.61,20780.25,628.78,21669.48,18361.31,3308.17,52996.06
TY1,P05,2024-10-21,URB,Urban Basics,Accessories,52996.06,20852.09,885.79,21471.99,16414.76,5057.23,52730.17
TY1,P06,2024-11-18,URB,Urban Basics,Accessories,52730.17,20705.48,1112.18,22502.07,12763.05,9739.02,53414.58
TY1,P07,2024-12-16,URB,Urban Basics,Accessories,53414.58,20900.69,872.18,20953.2,12901.67,8051.53,52594.91
TY1,P08,2025-01-13,URB,Urban Basics,Accessories,52594.91,20605.99,1412.23,22101.99,18617.48,3484.51,52678.68
TY1,P09,2025-02-10,URB,Urban Basics,Accessories,52678.68,20699.24,1121.92,23407.46,11952.88,11454.58,54264.98
TY1,P10,2025-03-10,URB,Urban Basics,Accessories,54264.98,20478.26,1541.49,18931.07,11561.28,7369.79,51176.3
TY1,P11,2025-04-07,URB,Urban Basics,Accessories,51176.3,20187.11,830.14,20509.24,10874.89,9634.35,50668.29
TY1,P12,2025-05-05,URB,Urban Basics,Accessories,50668.29,20226.53,1708.26,22262.94,11570.36,10692.58,50996.44
TY1,P13,2025-06-02,URB,Urban Basics,Accessories,50996.44,20175.48,913.62,18839.05,15536.74,3302.31,48746.39
TY2,P01,2025-06-30,URB,Urban Basics,Accessories,48746.39,20282.84,881.93,22547.78,13069.55,9478.23,50129.4
TY2,P02,2025-07-28,URB,Urban Basics,Accessories,50129.4,20128.65,799.44,21332.6,16048.67,5283.93,50533.91
TY2,P03,2025-08-25,URB,Urban Basics,Accessories,50533.91,20365.26,1731.94,22661.43,17716.06,4945.37,51098.14
TY2,P04,2025-09-22,URB,Urban Basics,Accessories,51098.14,20689.16,683.41,23106.81,12422.45,10684.36,52832.38
TY2,P05,2025-10-20,URB,Urban Basics,Accessories,52832.38,20517.28,1551.07,19123.61,14369.05,4754.56,49887.64
TY2,P06,2025-11-17,URB,Urban Basics,Accessories,49887.64,20739.8,1528.58,20953.54,16647.7,4305.84,48572.8
TY2,P07,2025-12-15,URB,Urban Basics,Accessories,48572.8,20697.53,1545.82,22873.39,16862.46,6010.93,49202.84
TY2,P08,2026-01-12,URB,Urban Basics,Accessories,49202.84,20602.15,763.73,19769.51,12381.52,7387.99,47606.47
TY2,P09,2026-02-09,URB,Urban Basics,Accessories,47606.47,20577.6,1336.69,20552.4,15498.59,5053.81,46244.58
TY2,P10,2026-03-09,URB,Urban Basics,Accessories,46244.58,20473.35,917.28,22195.79,15649.97,6545.82,47049.74
TY2,P11,2026-04-06,URB,Urban Basics,Accessories,47049.74,20424.94,843.79,22443.09,18678.98,3764.11,48224.1
TY2,P12,2026-05-04,URB,Urban Basics,Accessories,48224.1,20578.49,1750.65,23583.9,13169.79,10414.11,49478.86
TY2,P13,2026-06-01,URB,Urban Basics,Accessories,49478.86,20557.37,1201.29,23572.26,10423.97,13148.29,51292.46
TY1,P01,2024-07-01,TNY,TinyThreads,Menswear,96494.09,33651.49,2600.17,33506.65,28178.77,5327.88,93749.08
TY1,P02,2024-07-29,TNY,TinyThreads,Menswear,93749.08,33696.96,1620.12,36815.56,20306.93,16508.63,95247.56
TY1,P03,2024-08-26,TNY,TinyThreads,Menswear,95247.56,34030.06,2365.39,37684.85,15488.58,22196.27,96536.96
TY1,P04,2024-09-23,TNY,TinyThreads,Menswear,96536.96,33519.38,2437.36,34889.68,21737.05,13152.63,95469.9
TY1,P05,2024-10-21,TNY,TinyThreads,Menswear,95469.9,33305.03,1695.11,37177.57,15387.86,21789.71,97647.33
TY1,P06,2024-11-18,TNY,TinyThreads,Menswear,97647.33,33257.93,2883.76,30355.18,22382.93,7972.25,91860.82
TY1,P07,2024-12-16,TNY,TinyThreads,Menswear,91860.82,33206.3,2722.8,36079.21,28811.68,7267.53,92010.93
TY1,P08,2025-01-13,TNY,TinyThreads,Menswear,92010.93,32791.54,2029.06,35900.75,18329.66,17571.09,93091.08
TY1,P09,2025-02-10,TNY,TinyThreads,Menswear,93091.08,32221.71,1019.2,36720.79,26420.89,10299.9,96570.96
TY1,P10,2025-03-10,TNY,TinyThreads,Menswear,96570.96,32267.28,2408.42,33328.98,20472.67,12856.31,95224.24
TY1,P11,2025-04-07,TNY,TinyThreads,Menswear,95224.24,32120.97,2197.92,30527.25,24410.4,6116.85,91432.6
TY1,P12,2025-05-05,TNY,TinyThreads,Menswear,91432.6,31934.36,1627.82,33360.3,15461.24,17899.06,91230.72
TY1,P13,2025-06-02,TNY,TinyThreads,Menswear,91230.72,31610.96,2660.81,35735.38,19635.64,16099.74,92694.33
TY2,P01,2025-06-30,TNY,TinyThreads,Menswear,92694.33,31802.62,1358.17,29337.93,13320.88,16017.05,88871.47
TY2,P02,2025-07-28,TNY,TinyThreads,Menswear,88871.47,31591.86,2823.98,29017.58,13337.75,15679.83,83473.21
TY2,P03,2025-08-25,TNY,TinyThreads,Menswear,83473.21,31294.73,2028.35,34224.05,23406.18,10817.87,84374.18
TY2,P04,2025-09-22,TNY,TinyThreads,Menswear,84374.18,31266.29,2135.74,32220.89,23222.8,8998.09,83193.04
TY2,P05,2025-10-20,TNY,TinyThreads,Menswear,83193.04,31104.8,1579.0,31630.88,15068.04,16562.84,82140.12
TY2,P06,2025-11-17,TNY,TinyThreads,Menswear,82140.12,30849.82,1408.05,28948.94,14788.81,14160.13,78831.19
TY2,P07,2025-12-15,TNY,TinyThreads,Menswear,78831.19,31006.1,1544.48,33223.42,26093.15,7130.27,79504.03
TY2,P08,2026-01-12,TNY,TinyThreads,Menswear,79504.03,30827.19,2339.83,30115.59,14981.91,15133.68,76452.6
TY2,P09,2026-02-09,TNY,TinyThreads,Menswear,76452.6,30588.43,2587.41,29785.63,19538.63,10247.0,73062.39
TY2,P10,2026-03-09,TNY,TinyThreads,Menswear,73062.39,30924.66,1956.21,32639.91,22020.55,10619.36,72821.43
TY2,P11,2026-04-06,TNY,TinyThreads,Menswear,72821.43,30605.91,1166.23,32851.93,23115.86,9736.07,73901.22
TY2,P12,2026-05-04,TNY,TinyThreads,Menswear,73901.22,30413.07,1047.55,30769.2,17971.24,12797.96,73209.8
TY2,P13,2026-06-01,TNY,TinyThreads,Menswear,73209.8,30043.03,1302.13,30350.69,22286.75,8063.94,72215.33
TY1,P01,2024-07-01,TNY,TinyThreads,Womenswear,72633.44,25551.93,1932.37,26015.42,16250.2,9765.22,71164.56
TY1,P02,2024-07-29,TNY,TinyThreads,Womenswear,71164.56,25837.99,2213.75,26431.05,16860.26,9570.79,69543.87
TY1,P03,2024-08-26,TNY,TinyThreads,Womenswear,69543.87,25548.23,1896.98,23452.32,14823.26,8629.06,65550.98
TY1,P04,2024-09-23,TNY,TinyThreads,Womenswear,65550.98,24925.78,2126.2,25508.46,15579.15,9929.31,64007.46
TY1,P05,2024-10-21,TNY,TinyThreads,Womenswear,64007.46,25202.25,1437.4,23821.7,11853.97,11967.73,61189.51
TY1,P06,2024-11-18,TNY,TinyThreads,Womenswear,61189.51,24784.31,744.37,24982.25,18640.73,6341.52,60643.08
TY1,P07,2024-12-16,TNY,TinyThreads,Womenswear,60643.08,24325.27,776.68,25358.99,11904.2,13454.79,60900.12
TY1,P08,2025-01-13,TNY,TinyThreads,Womenswear,60900.12,24188.2,968.54,25558.7,13975.68,11583.02,61302.08
TY1,P09,2025-02-10,TNY,TinyThreads,Womenswear,61302.08,24114.57,1319.92,26282.73,13241.39,13041.34,62150.32
TY1,P10,2025-03-10,TNY,TinyThreads,Womenswear,62150.32,24229.6,1454.08,26386.6,20644.31,5742.29,62853.24
TY1,P11,2025-04-07,TNY,TinyThreads,Womenswear,62853.24,23756.44,1031.9,23084.68,11835.4,11249.28,61149.58
TY1,P12,2025-05-05,TNY,TinyThreads,Womenswear,61149.58,23796.87,1545.53,27327.86,23109.13,4218.73,63135.04
TY1,P13,2025-06-02,TNY,TinyThreads,Womenswear,63135.04,23912.04,1634.19,26661.75,21857.84,4803.91,64250.56
TY2,P01,2025-06-30,TNY,TinyThreads,Womenswear,64250.56,24204.18,1493.7,26823.3,14389.12,12434.18,65375.98
TY2,P02,2025-07-28,TNY,TinyThreads,Womenswear,65375.98,24412.47,2176.06,27983.08,22603.28,5379.8,66770.53
TY2,P03,2025-08-25,TNY,TinyThreads,Womenswear,66770.53,24594.89,1135.0,24108.22,15580.59,8527.63,65148.86
TY2,P04,2025-09-22,TNY,TinyThreads,Womenswear,65148.86,24737.21,1492.4,26200.85,15294.62,10906.23,65120.1
TY2,P05,2025-10-20,TNY,TinyThreads,Womenswear,65120.1,25102.9,1255.47,24667.85,11279.42,13388.43,63429.58
TY2,P06,2025-11-17,TNY,TinyThreads,Womenswear,63429.58,25323.54,2052.0,25616.55,12873.35,12743.2,61670.59
TY2,P07,2025-12-15,TNY,TinyThreads,Womenswear,61670.59,25331.82,1601.96,22932.62,12437.8,10494.82,57669.43
TY2,P08,2026-01-12,TNY,TinyThreads,Womenswear,57669.43,25169.31,1745.55,24382.96,10465.8,13917.16,55137.53
TY2,P09,2026-02-09,TNY,TinyThreads,Womenswear,55137.53,25288.89,1641.34,22897.34,17904.72,4992.62,51104.64
TY2,P10,2026-03-09,TNY,TinyThreads,Womenswear,51104.64,25388.38,1685.64,25672.02,15384.81,10287.21,49702.64
TY2,P11,2026-04-06,TNY,TinyThreads,Womenswear,49702.64,25746.99,2012.52,28920.64,11711.63,17209.01,50863.77
TY2,P12,2026-05-04,TNY,TinyThreads,Womenswear,50863.77,25693.17,2164.24,26653.41,12460.94,14192.47,49659.77
TY2,P13,2026-06-01,TNY,TinyThreads,Womenswear,49659.77,25917.2,1803.82,28021.79,18767.37,9254.42,49960.54
TY1,P01,2024-07-01,TNY,TinyThreads,Kidswear,144385.52,58314.19,3419.19,57726.18,28920.07,28806.11,140378.32
TY1,P02,2024-07-29,TNY,TinyThreads,Kidswear,140378.32,58736.88,3003.38,63309.68,25849.15,37460.53,141947.74
TY1,P03,2024-08-26,TNY,TinyThreads,Kidswear,141947.74,57557.51,3950.78,60585.09,45408.03,15177.06,141024.54
TY1,P04,2024-09-23,TNY,TinyThreads,Kidswear,141024.54,56658.92,4119.24,52449.13,32191.18,20257.95,132695.51
TY1,P05,2024-10-21,TNY,TinyThreads,Kidswear,132695.51,56014.75,2505.76,51009.16,25535.98,25473.18,125184.16
TY1,P06,2024-11-18,TNY,TinyThreads,Kidswear,125184.16,55145.95,3023.97,52066.97,40142.96,11924.01,119081.21
TY1,P07,2024-12-16,TNY,TinyThreads,Kidswear,119081.21,54840.13,2307.72,62100.59,25339.37,36761.22,124033.95
TY1,P08,2025-01-13,TNY,TinyThreads,Kidswear,124033.95,55179.64,4807.01,49827.93,37040.02,12787.91,113875.23
TY1,P09,2025-02-10,TNY,TinyThreads,Kidswear,113875.23,54920.39,4632.76,62756.3,40643.84,22112.46,117078.38
TY1,P10,2025-03-10,TNY,TinyThreads,Kidswear,117078.38,55223.47,4472.4,58175.55,39363.41,18812.14,115558.06
TY1,P11,2025-04-07,TNY,TinyThreads,Kidswear,115558.06,54883.27,3529.57,51502.18,37745.77,13756.41,108647.4
TY1,P12,2025-05-05,TNY,TinyThreads,Kidswear,108647.4,54282.99,4005.37,60375.96,36986.97,23388.99,110735.0
TY1,P13,2025-06-02,TNY,TinyThreads,Kidswear,110735.0,54253.08,2643.91,61976.8,45237.24,16739.56,115814.81
TY2,P01,2025-06-30,TNY,TinyThreads,Kidswear,115814.81,54723.03,2215.65,52254.74,31810.86,20443.88,111130.87
TY2,P02,2025-07-28,TNY,TinyThreads,Kidswear,111130.87,54250.67,4017.2,51744.88,40713.0,11031.88,104607.88
TY2,P03,2025-08-25,TNY,TinyThreads,Kidswear,104607.88,54232.61,4398.45,52086.35,35335.24,16751.11,98063.17
TY2,P04,2025-09-22,TNY,TinyThreads,Kidswear,98063.17,53541.35,2434.72,57462.27,48514.86,8947.41,99549.37
TY2,P05,2025-10-20,TNY,TinyThreads,Kidswear,99549.37,53338.07,1883.05,56994.33,31511.09,25483.24,101322.58
TY2,P06,2025-11-17,TNY,TinyThreads,Kidswear,101322.58,52873.38,3094.06,57549.64,30403.77,27145.87,102904.78
TY2,P07,2025-12-15,TNY,TinyThreads,Kidswear,102904.78,51934.13,4193.26,53493.09,41683.39,11809.7,100270.48
TY2,P08,2026-01-12,TNY,TinyThreads,Kidswear,100270.48,52405.73,4568.65,55691.5,25181.16,30510.34,98987.6
TY2,P09,2026-02-09,TNY,TinyThreads,Kidswear,98987.6,52491.84,3115.7,49101.38,23014.34,26087.04,92481.44
TY2,P10,2026-03-09,TNY,TinyThreads,Kidswear,92481.44,52106.35,1711.3,50629.05,23436.41,27192.64,89292.84
TY2,P11,2026-04-06,TNY,TinyThreads,Kidswear,89292.84,51882.05,2846.31,53462.85,28112.71,25350.14,88027.33
TY2,P12,2026-05-04,TNY,TinyThreads,Kidswear,88027.33,51936.37,3472.63,51595.12,35760.62,15834.5,84213.45
TY2,P13,2026-06-01,TNY,TinyThreads,Kidswear,84213.45,50953.12,1570.71,49020.65,29679.37,19341.28,80710.27
TY1,P01,2024-07-01,TNY,TinyThreads,School Uniforms,91990.3,32743.4,2024.41,34327.49,14068.23,20259.26,91549.98
TY1,P02,2024-07-29,TNY,TinyThreads,School Uniforms,91549.98,32808.36,1663.05,32982.9,14681.66,18301.24,90061.47
TY1,P03,2024-08-26,TNY,TinyThreads,School Uniforms,90061.47,32936.55,2850.47,29826.26,20002.02,9824.24,84100.71
TY1,P04,2024-09-23,TNY,TinyThreads,School Uniforms,84100.71,32965.49,1552.29,36159.48,24753.33,11406.15,85742.41
TY1,P05,2024-10-21,TNY,TinyThreads,School Uniforms,85742.41,32790.5,2913.77,29858.59,17921.78,11936.81,79896.73
TY1,P06,2024-11-18,TNY,TinyThreads,School Uniforms,79896.73,32932.82,1277.94,32408.25,27366.87,5041.38,78094.22
TY1,P07,2024-12-16,TNY,TinyThreads,School Uniforms,78094.22,32901.79,1880.35,36542.82,19943.45,16599.37,79854.9
TY1,P08,2025-01-13,TNY,TinyThreads,School Uniforms,79854.9,32485.74,2880.92,33093.85,15187.25,17906.6,77582.09
TY1,P09,2025-02-10,TNY,TinyThreads,School Uniforms,77582.09,32537.49,1960.18,30021.54,17732.07,12289.47,73105.96
TY1,P10,2025-03-10,TNY,TinyThreads,School Uniforms,73105.96,32692.56,1966.29,37360.53,19295.82,18064.71,75807.64
TY1,P11,2025-04-07,TNY,TinyThreads,School Uniforms,75807.64,32669.74,2664.93,33063.84,17383.95,15679.89,73536.81
TY1,P12,2025-05-05,TNY,TinyThreads,School Uniforms,73536.81,31819.71,1698.96,32859.6,27583.57,5276.03,72877.74
TY1,P13,2025-06-02,TNY,TinyThreads,School Uniforms,72877.74,31662.69,1522.47,28742.36,16565.0,12177.36,68434.94
TY2,P01,2025-06-30,TNY,TinyThreads,School Uniforms,68434.94,31895.99,2258.3,30152.25,21217.11,8935.14,64432.9
TY2,P02,2025-07-28,TNY,TinyThreads,School Uniforms,64432.9,31989.96,1641.5,31580.97,22818.46,8762.51,62382.41
TY2,P03,2025-08-25,TNY,TinyThreads,School Uniforms,62382.41,31745.73,1640.55,35337.94,23230.38,12107.56,64334.07
TY2,P04,2025-09-22,TNY,TinyThreads,School Uniforms,64334.07,31903.8,2680.09,31446.38,13130.14,18316.24,61196.56
TY2,P05,2025-10-20,TNY,TinyThreads,School Uniforms,61196.56,31513.08,1179.73,30240.48,22263.04,7977.44,58744.23
TY2,P06,2025-11-17,TNY,TinyThreads,School Uniforms,58744.23,31530.02,2472.48,35762.19,24065.79,11696.4,60503.92
TY2,P07,2025-12-15,TNY,TinyThreads,School Uniforms,60503.92,31339.99,2282.03,35984.64,19924.42,16060.22,62866.54
TY2,P08,2026-01-12,TNY,TinyThreads,School Uniforms,62866.54,31425.5,1921.67,32472.36,15588.7,16883.66,61991.73
TY2,P09,2026-02-09,TNY,TinyThreads,School Uniforms,61991.73,31728.62,978.75,35914.17,18641.55,17272.62,65198.53
TY2,P10,2026-03-09,TNY,TinyThreads,School Uniforms,65198.53,31620.06,1153.97,30357.23,15884.66,14472.57,62781.73
TY2,P11,2026-04-06,TNY,TinyThreads,School Uniforms,62781.73,31637.92,1315.39,31468.82,18041.88,13426.94,61297.24
TY2,P12,2026-05-04,TNY,TinyThreads,School Uniforms,61297.24,30955.8,1537.74,28554.65,11745.73,16808.92,57358.35
TY2,P13,2026-06-01,TNY,TinyThreads,School Uniforms,57358.35,30598.68,2307.11,35118.18,28720.94,6397.24,59570.74
TY1,P01,2024-07-01,TNY,TinyThreads,Sportswear,95424.11,37452.67,2862.75,40867.95,31873.84,8994.11,95976.64
TY1,P02,2024-07-29,TNY,TinyThreads,Sportswear,95976.64,37502.06,2102.4,40941.71,31233.59,9708.12,97313.89
TY1,P03,2024-08-26,TNY,TinyThreads,Sportswear,97313.89,37828.64,3243.98,34937.98,29607.18,5330.8,91179.25
TY1,P04,2024-09-23,TNY,TinyThreads,Sportswear,91179.25,37925.73,1350.01,40355.15,16762.75,23592.4,92258.66
TY1,P05,2024-10-21,TNY,TinyThreads,Sportswear,92258.66,37819.66,2948.17,39733.43,31214.07,8519.36,91224.26
TY1,P06,2024-11-18,TNY,TinyThreads,Sportswear,91224.26,37517.8,1746.66,37650.78,15779.67,21871.11,89610.58
TY1,P07,2024-12-16,TNY,TinyThreads,Sportswear,89610.58,37859.68,1738.24,37790.92,22345.63,15445.29,87803.58
TY1,P08,2025-01-13,TNY,TinyThreads,Sportswear,87803.58,37883.41,1750.99,42559.58,25181.95,17377.63,90728.76
TY1,P09,2025-02-10,TNY,TinyThreads,Sportswear,90728.76,38093.72,2291.36,38262.7,19736.57,18526.13,88606.38
TY1,P10,2025-03-10,TNY,TinyThreads,Sportswear,88606.38,38083.05,1489.36,37625.39,24629.79,12995.6,86659.36
TY1,P11,2025-04-07,TNY,TinyThreads,Sportswear,86659.36,38243.87,3037.89,36873.99,30841.3,6032.69,82251.59
TY1,P12,2025-05-05,TNY,TinyThreads,Sportswear,82251.59,38099.29,3354.86,42272.46,19612.17,22660.29,83069.9
TY1,P13,2025-06-02,TNY,TinyThreads,Sportswear,83069.9,38194.14,1535.36,42187.6,27965.02,14222.58,85528.0
TY2,P01,2025-06-30,TNY,TinyThreads,Sportswear,85528.0,38157.86,3273.03,35440.89,23169.06,12271.83,79538.0
TY2,P02,2025-07-28,TNY,TinyThreads,Sportswear,79538.0,37883.33,1270.26,39757.19,30499.95,9257.24,80141.6
TY2,P03,2025-08-25,TNY,TinyThreads,Sportswear,80141.6,37745.29,2292.44,36410.59,25426.1,10984.49,76514.46
TY2,P04,2025-09-22,TNY,TinyThreads,Sportswear,76514.46,37425.68,3226.96,42054.57,20341.31,21713.26,77916.39
TY2,P05,2025-10-20,TNY,TinyThreads,Sportswear,77916.39,37550.13,2450.45,40535.95,24288.95,16247.0,78451.76
TY2,P06,2025-11-17,TNY,TinyThreads,Sportswear,78451.76,37354.3,1354.06,42955.25,25983.99,16971.26,82698.65
TY2,P07,2025-12-15,TNY,TinyThreads,Sportswear,82698.65,37840.33,2230.41,42781.88,18802.28,23979.6,85409.79
TY2,P08,2026-01-12,TNY,TinyThreads,Sportswear,85409.79,38904.65,3337.16,44229.66,23955.79,20273.87,87397.64
TY2,P09,2026-02-09,TNY,TinyThreads,Sportswear,87397.64,38573.64,2204.37,38729.49,18803.96,19925.53,85349.12
TY2,P10,2026-03-09,TNY,TinyThreads,Sportswear,85349.12,38702.88,1749.31,41656.61,17921.51,23735.1,86553.54
TY2,P11,2026-04-06,TNY,TinyThreads,Sportswear,86553.54,38936.26,2695.32,38342.64,26646.48,11696.16,83264.6
TY2,P12,2026-05-04,TNY,TinyThreads,Sportswear,83264.6,38211.08,3324.02,41540.36,32996.35,8544.01,83269.86
TY2,P13,2026-06-01,TNY,TinyThreads,Sportswear,83269.86,38164.54,1878.06,37862.51,24297.42,13565.09,81089.77
TY1,P01,2024-07-01,TNY,TinyThreads,Footwear,58437.6,28075.73,1271.07,27976.91,13670.41,14306.5,57067.71
TY1,P02,2024-07-29,TNY,TinyThreads,Footwear,57067.71,28025.11,1894.98,27942.11,15519.68,12422.43,55089.73
TY1,P03,2024-08-26,TNY,TinyThreads,Footwear,55089.73,27873.91,2127.1,27726.65,18421.14,9305.51,52815.37
TY1,P04,2024-09-23,TNY,TinyThreads,Footwear,52815.37,28175.18,1727.67,31766.09,24051.78,7714.31,54678.61
TY1,P05,2024-10-21,TNY,TinyThreads,Footwear,54678.61,28347.29,1580.25,30461.42,25710.06,4751.36,55212.49
TY1,P06,2024-11-18,TNY,TinyThreads,Footwear,55212.49,28713.45,1021.25,29876.41,13652.14,16224.27,55354.2
TY1,P07,2024-12-16,TNY,TinyThreads,Footwear,55354.2,28716.69,1736.23,31038.66,24558.19,6480.47,55939.94
TY1,P08,2025-01-13,TNY,TinyThreads,Footwear,55939.94,28743.3,1918.51,31291.18,24379.11,6912.07,56569.31
TY1,P09,2025-02-10,TNY,TinyThreads,Footwear,56569.31,28427.22,914.95,29537.23,14689.49,14847.74,56764.37
TY1,P10,2025-03-10,TNY,TinyThreads,Footwear,56764.37,29048.6,2001.56,29195.46,14149.49,15045.97,54909.67
TY1,P11,2025-04-07,TNY,TinyThreads,Footwear,54909.67,28674.77,2071.08,27272.28,12057.41,15214.87,51436.1
TY1,P12,2025-05-05,TNY,TinyThreads,Footwear,51436.1,28663.56,2174.21,27228.91,14473.26,12755.65,47827.24
TY1,P13,2025-06-02,TNY,TinyThreads,Footwear,47827.24,29015.94,2103.4,30543.06,16445.39,14097.67,47250.96
TY2,P01,2025-06-30,TNY,TinyThreads,Footwear,47250.96,29158.79,943.91,31553.32,13234.37,18318.95,48701.58
TY2,P02,2025-07-28,TNY,TinyThreads,Footwear,48701.58,29142.84,2149.86,33141.78,24539.05,8602.73,50550.66
TY2,P03,2025-08-25,TNY,TinyThreads,Footwear,50550.66,29339.59,1735.81,29604.65,16166.79,13437.86,49079.91
TY2,P04,2025-09-22,TNY,TinyThreads,Footwear,49079.91,29437.0,1644.62,30895.37,24844.64,6050.73,48893.66
TY2,P05,2025-10-20,TNY,TinyThreads,Footwear,48893.66,28737.2,997.89,28627.16,13778.76,14848.4,47785.73
TY2,P06,2025-11-17,TNY,TinyThreads,Footwear,47785.73,28874.45,1364.27,27246.92,20267.19,6979.73,44793.93
TY2,P07,2025-12-15,TNY,TinyThreads,Footwear,44793.93,28341.33,2413.4,25738.13,11071.0,14667.13,39777.33
TY2,P08,2026-01-12,TNY,TinyThreads,Footwear,39777.33,28520.24,992.98,27541.49,23237.12,4304.37,37805.6
TY2,P09,2026-02-09,TNY,TinyThreads,Footwear,37805.6,28155.73,1179.36,29377.97,18334.77,11043.2,37848.48
TY2,P10,2026-03-09,TNY,TinyThreads,Footwear,37848.48,28503.52,1499.4,31544.58,14584.99,16959.59,39390.14
TY2,P11,2026-04-06,TNY,TinyThreads,Footwear,39390.14,28634.23,2044.07,31986.13,18113.98,13872.15,40697.97
TY2,P12,2026-05-04,TNY,TinyThreads,Footwear,40697.97,28912.27,987.31,27252.12,11748.72,15503.4,38050.51
TY2,P13,2026-06-01,TNY,TinyThreads,Footwear,38050.51,29259.99,1383.52,31628.19,13596.3,18031.89,39035.19
TY1,P01,2024-07-01,TNY,TinyThreads,Home & Textiles,152593.07,53541.6,1682.57,48940.89,38376.2,10564.69,146309.79
TY1,P02,2024-07-29,TNY,TinyThreads,Home & Textiles,146309.79,52062.41,3274.54,52403.99,39721.52,12682.47,143376.83
TY1,P03,2024-08-26,TNY,TinyThreads,Home & Textiles,143376.83,53070.02,3186.31,60885.8,28467.66,32418.14,148006.3
TY1,P04,2024-09-23,TNY,TinyThreads,Home & Textiles,148006.3,53508.6,1771.4,54547.32,43575.16,10972.16,147273.62
TY1,P05,2024-10-21,TNY,TinyThreads,Home & Textiles,147273.62,53774.06,3824.03,51936.56,30557.32,21379.24,141612.09
TY1,P06,2024-11-18,TNY,TinyThreads,Home & Textiles,141612.09,54975.58,3369.27,55830.83,30545.28,25285.55,139098.07
TY1,P07,2024-12-16,TNY,TinyThreads,Home & Textiles,139098.07,55602.44,2504.96,55116.58,25765.55,29351.03,136107.25
TY1,P08,2025-01-13,TNY,TinyThreads,Home & Textiles,136107.25,54368.36,3595.23,50749.96,36145.98,14603.98,128893.62
TY1,P09,2025-02-10,TNY,TinyThreads,Home & Textiles,128893.62,53877.9,2384.21,50518.62,20403.35,30115.27,123150.13
TY1,P10,2025-03-10,TNY,TinyThreads,Home & Textiles,123150.13,53613.07,4060.39,61483.29,25835.04,35648.25,126959.96
TY1,P11,2025-04-07,TNY,TinyThreads,Home & Textiles,126959.96,54175.74,1858.86,56777.97,42028.98,14748.99,127703.33
TY1,P12,2025-05-05,TNY,TinyThreads,Home & Textiles,127703.33,53062.55,1626.69,55651.86,47084.82,8567.04,128665.95
TY1,P13,2025-06-02,TNY,TinyThreads,Home & Textiles,128665.95,52968.97,2191.3,49313.13,32046.88,17266.25,122818.81
TY2,P01,2025-06-30,TNY,TinyThreads,Home & Textiles,122818.81,53314.08,4133.77,58020.02,46511.38,11508.64,123390.98
TY2,P02,2025-07-28,TNY,TinyThreads,Home & Textiles,123390.98,52682.21,2362.06,54735.2,29219.59,25515.61,123081.91
TY2,P03,2025-08-25,TNY,TinyThreads,Home & Textiles,123081.91,53319.28,4581.01,57076.9,47862.73,9214.17,122258.52
TY2,P04,2025-09-22,TNY,TinyThreads,Home & Textiles,122258.52,53131.46,3307.23,54288.6,24336.45,29952.15,120108.43
TY2,P05,2025-10-20,TNY,TinyThreads,Home & Textiles,120108.43,53726.21,3312.66,49258.53,40350.51,8908.02,112328.09
TY2,P06,2025-11-17,TNY,TinyThreads,Home & Textiles,112328.09,53134.86,2225.23,57987.68,25724.53,32263.15,114955.68
TY2,P07,2025-12-15,TNY,TinyThreads,Home & Textiles,114955.68,52946.4,3893.79,48560.07,34542.29,14017.78,106675.56
TY2,P08,2026-01-12,TNY,TinyThreads,Home & Textiles,106675.56,52968.97,3996.03,58639.27,42411.31,16227.96,108349.83
TY2,P09,2026-02-09,TNY,TinyThreads,Home & Textiles,108349.83,52157.02,2573.83,56033.25,46543.3,9489.95,109652.23
TY2,P10,2026-03-09,TNY,TinyThreads,Home & Textiles,109652.23,51317.92,3585.11,51794.25,38340.92,13453.33,106543.45
TY2,P11,2026-04-06,TNY,TinyThreads,Home & Textiles,106543.45,50311.65,1993.52,47826.32,30740.22,17086.1,102064.6
TY2,P12,2026-05-04,TNY,TinyThreads,Home & Textiles,102064.6,49865.16,3206.04,45490.42,26471.99,19018.43,94483.82
TY2,P13,2026-06-01,TNY,TinyThreads,Home & Textiles,94483.82,49543.92,3225.88,52731.25,38182.55,14548.7,94445.27
TY1,P01,2024-07-01,TNY,TinyThreads,Accessories,122406.92,43489.74,1568.74,42110.64,26838.37,15272.27,119459.08
TY1,P02,2024-07-29,TNY,TinyThreads,Accessories,119459.08,42458.08,3003.62,39171.91,26109.01,13062.9,113169.29
TY1,P03,2024-08-26,TNY,TinyThreads,Accessories,113169.29,41735.11,3090.11,46194.93,30814.57,15380.36,114539.0
TY1,P04,2024-09-23,TNY,TinyThreads,Accessories,114539.0,41424.19,2084.28,41903.16,33055.26,8847.9,112933.69
TY1,P05,2024-10-21,TNY,TinyThreads,Accessories,112933.69,40653.21,2487.38,40330.35,17046.46,23283.89,110123.45
TY1,P06,2024-11-18,TNY,TinyThreads,Accessories,110123.45,40694.24,1692.13,40423.46,33343.88,7079.58,108160.54
TY1,P07,2024-12-16,TNY,TinyThreads,Accessories,108160.54,40687.39,1793.92,37694.33,20816.22,16878.11,103373.56
TY1,P08,2025-01-13,TNY,TinyThreads,Accessories,103373.56,40273.06,2134.5,44023.55,33511.49,10512.06,104989.55
TY1,P09,2025-02-10,TNY,TinyThreads,Accessories,104989.55,39877.14,2158.48,36397.3,29681.5,6715.8,99351.23
TY1,P10,2025-03-10,TNY,TinyThreads,Accessories,99351.23,39905.1,2447.32,41424.02,20516.63,20907.39,98422.83
TY1,P11,2025-04-07,TNY,TinyThreads,Accessories,98422.83,40232.06,2410.54,36549.6,25853.61,10695.99,92329.83
TY1,P12,2025-05-05,TNY,TinyThreads,Accessories,92329.83,40541.43,3233.14,39296.79,16661.69,22635.1,87852.05
TY1,P13,2025-06-02,TNY,TinyThreads,Accessories,87852.05,40760.81,3514.55,42110.15,29015.7,13094.45,85686.84
TY2,P01,2025-06-30,TNY,TinyThreads,Accessories,85686.84,41166.76,2271.83,38279.41,16978.4,21301.01,80527.66
TY2,P02,2025-07-28,TNY,TinyThreads,Accessories,80527.66,40648.3,3259.93,38065.43,19109.39,18956.04,74684.86
TY2,P03,2025-08-25,TNY,TinyThreads,Accessories,74684.86,40362.65,1731.88,37973.25,24815.23,13158.02,70563.58
TY2,P04,2025-09-22,TNY,TinyThreads,Accessories,70563.58,40629.82,2745.34,45832.52,21447.19,24385.33,73020.94
TY2,P05,2025-10-20,TNY,TinyThreads,Accessories,73020.94,40762.99,3430.18,45135.71,30876.38,14259.33,73963.48
TY2,P06,2025-11-17,TNY,TinyThreads,Accessories,73963.48,39934.84,2729.66,42835.06,17451.73,25383.33,74134.04
TY2,P07,2025-12-15,TNY,TinyThreads,Accessories,74134.04,40660.27,2648.46,44537.9,25376.66,19161.24,75363.21
TY2,P08,2026-01-12,TNY,TinyThreads,Accessories,75363.21,40619.48,2460.89,41707.98,24884.87,16823.11,73990.82
TY2,P09,2026-02-09,TNY,TinyThreads,Accessories,73990.82,41179.11,1852.63,42492.16,24172.73,18319.43,73451.24
TY2,P10,2026-03-09,TNY,TinyThreads,Accessories,73451.24,41514.85,1676.19,40681.08,21653.82,19027.26,70941.28
TY2,P11,2026-04-06,TNY,TinyThreads,Accessories,70941.28,41967.64,2516.25,44524.94,36844.42,7680.52,70982.33
TY2,P12,2026-05-04,TNY,TinyThreads,Accessories,70982.33,41737.63,2987.01,37825.15,19596.26,18228.89,64082.84
TY2,P13,2026-06-01,TNY,TinyThreads,Accessories,64082.84,42158.62,1343.16,44452.78,31349.87,13102.91,65033.84
