work_order_id,plant_id,plant_name,department,date_key,planned_units,actual_units_produced,good_units,defect_units,scrap_units,available_hours,downtime_hours,labor_hours,material_cost,labor_cost,overhead_cost,manufacturing_cost_total,on_time_completion_flag
WO00001,SUP01,Plant A,Menswear,2024-07-01,1527,1410,1359,51,17,40.0,1.4,42.2,9564.62,470.29,1806.28,11841.19,True
WO00002,SUP01,Plant A,Menswear,2024-07-08,1424,1185,1155,30,18,40.0,5.3,34.3,6140.33,350.49,1168.35,7659.17,False
WO00003,SUP01,Plant A,Menswear,2024-07-15,1544,1286,1265,21,14,40.0,3.4,39.5,8790.0,346.75,1644.62,10781.37,True
WO00004,SUP01,Plant A,Menswear,2024-07-22,1294,1086,1031,55,37,40.0,4.3,34.4,6093.96,339.81,1158.08,7591.85,True
WO00005,SUP01,Plant A,Menswear,2024-07-29,1321,1108,1072,36,17,40.0,1.8,40.7,7313.68,376.45,1384.22,9074.35,True
WO00006,SUP01,Plant A,Menswear,2024-08-05,1537,1297,1252,45,16,40.0,3.7,34.1,5865.15,380.14,1124.15,7369.44,True
WO00007,SUP01,Plant A,Menswear,2024-08-12,1505,1252,1231,21,7,40.0,2.9,34.3,8144.52,339.03,1527.04,10010.59,True
WO00008,SUP01,Plant A,Menswear,2024-08-19,1524,1308,1265,43,18,40.0,3.8,32.8,7599.68,290.55,1420.24,9310.47,True
WO00009,SUP01,Plant A,Menswear,2024-08-26,1553,1315,1275,40,16,40.0,1.2,40.0,8114.99,445.42,1540.87,10101.28,True
WO00010,SUP01,Plant A,Menswear,2024-09-02,1410,1112,1090,22,7,40.0,4.4,37.2,6544.82,321.6,1235.96,8102.38,True
WO00011,SUP01,Plant A,Menswear,2024-09-09,1328,1126,1100,26,10,40.0,4.4,36.5,6289.2,304.8,1186.92,7780.92,False
WO00012,SUP01,Plant A,Menswear,2024-09-16,1587,1238,1213,25,17,40.0,4.3,37.7,8233.53,369.36,1548.52,10151.41,True
WO00013,SUP01,Plant A,Menswear,2024-09-23,1310,1171,1166,5,2,40.0,2.8,37.8,5890.5,431.92,1138.04,7460.46,True
WO00014,SUP01,Plant A,Menswear,2024-09-30,1510,1252,1197,55,30,40.0,4.0,33.0,7195.77,269.49,1343.75,8809.01,True
WO00015,SUP01,Plant A,Menswear,2024-10-07,1385,1230,1217,13,4,40.0,4.2,38.8,7679.12,364.23,1447.8,9491.15,True
WO00016,SUP01,Plant A,Menswear,2024-10-14,1287,1103,1072,31,10,40.0,0.6,39.3,6587.25,461.83,1268.83,8317.91,True
WO00017,SUP01,Plant A,Menswear,2024-10-21,1431,1131,1109,22,10,40.0,4.0,32.5,7893.11,376.5,1488.53,9758.14,True
WO00018,SUP01,Plant A,Menswear,2024-10-28,1457,1300,1269,31,18,40.0,0.2,42.0,6270.19,489.89,1216.81,7976.89,True
WO00019,SUP01,Plant A,Menswear,2024-11-04,1291,1224,1206,18,11,40.0,2.0,36.6,9007.05,335.39,1681.64,11024.08,True
WO00020,SUP01,Plant A,Menswear,2024-11-11,1361,1212,1189,23,10,40.0,2.2,41.5,8696.14,456.27,1647.43,10799.84,True
WO00021,SUP01,Plant A,Menswear,2024-11-18,1565,1385,1347,38,21,40.0,4.1,35.0,6625.01,384.55,1261.72,8271.28,True
WO00022,SUP01,Plant A,Menswear,2024-11-25,1579,1548,1478,70,25,40.0,0.8,36.7,9749.53,421.99,1830.87,12002.39,True
WO00023,SUP01,Plant A,Menswear,2024-12-02,1379,1092,1065,27,9,40.0,4.8,31.8,5666.35,271.17,1068.75,7006.27,True
WO00024,SUP01,Plant A,Menswear,2024-12-09,1318,1058,1048,10,3,40.0,3.4,38.8,7031.7,425.09,1342.22,8799.01,True
WO00025,SUP01,Plant A,Menswear,2024-12-16,1319,1049,1027,22,10,40.0,4.5,36.7,7727.85,335.65,1451.43,9514.93,True
WO00026,SUP01,Plant A,Menswear,2024-12-23,1287,1076,1064,12,4,40.0,4.0,35.4,7961.0,367.6,1499.15,9827.75,True
WO00027,SUP01,Plant A,Menswear,2024-12-30,1537,1349,1311,38,13,40.0,0.6,42.0,9295.22,375.08,1740.65,11410.95,True
WO00028,SUP01,Plant A,Menswear,2025-01-06,1473,1211,1183,28,18,40.0,2.4,37.2,6349.9,332.82,1202.89,7885.61,True
WO00029,SUP01,Plant A,Menswear,2025-01-13,1541,1018,998,20,7,40.0,9.3,32.7,5528.76,280.42,1045.65,6854.83,True
WO00030,SUP01,Plant A,Menswear,2025-01-20,1332,1132,1123,9,2,40.0,2.7,33.9,5687.08,278.44,1073.79,7039.31,True
WO00031,SUP01,Plant A,Menswear,2025-01-27,1497,1269,1237,32,20,40.0,3.8,38.7,5876.01,337.7,1118.47,7332.18,True
WO00032,SUP01,Plant A,Menswear,2025-02-03,1359,1064,1048,16,7,40.0,6.6,33.5,5112.54,379.68,988.6,6480.82,False
WO00033,SUP01,Plant A,Menswear,2025-02-10,1575,1521,1475,46,31,40.0,0.0,42.4,10401.26,448.17,1952.9,12802.33,True
WO00034,SUP01,Plant A,Menswear,2025-02-17,1323,1135,1087,48,23,40.0,3.0,36.2,7285.21,328.18,1370.41,8983.8,True
WO00035,SUP01,Plant A,Menswear,2025-02-24,1432,1283,1275,8,3,40.0,4.2,34.6,7234.06,371.71,1369.04,8974.81,True
WO00036,SUP01,Plant A,Menswear,2025-03-03,1583,1398,1344,54,27,40.0,4.7,37.8,9027.95,424.02,1701.35,11153.32,True
WO00037,SUP01,Plant A,Menswear,2025-03-10,1482,1361,1347,14,8,40.0,2.1,40.6,6663.88,424.58,1275.92,8364.38,False
WO00038,SUP01,Plant A,Menswear,2025-03-17,1512,1114,1088,26,17,40.0,5.0,37.1,6997.09,412.94,1333.81,8743.84,True
WO00039,SUP01,Plant A,Menswear,2025-03-24,1582,1238,1218,20,10,40.0,3.6,34.0,7669.23,349.85,1443.43,9462.51,True
WO00040,SUP01,Plant A,Menswear,2025-03-31,1447,1237,1183,54,29,40.0,3.6,39.5,6010.83,334.5,1142.16,7487.49,False
WO00041,SUP01,Plant A,Menswear,2025-04-07,1490,1155,1115,40,17,40.0,5.2,37.6,7839.67,341.49,1472.61,9653.77,True
WO00042,SUP01,Plant A,Menswear,2025-04-14,1380,1192,1148,44,20,40.0,3.2,35.9,7973.36,366.61,1501.19,9841.16,True
WO00043,SUP01,Plant A,Menswear,2025-04-21,1529,1224,1174,50,29,40.0,5.2,38.0,5943.05,433.28,1147.74,7524.07,True
WO00044,SUP01,Plant A,Menswear,2025-04-28,1319,984,959,25,12,40.0,6.7,35.5,5299.9,349.11,1016.82,6665.83,True
WO00045,SUP01,Plant A,Menswear,2025-05-05,1376,1138,1129,9,6,40.0,4.5,38.1,6090.26,432.34,1174.07,7696.67,False
WO00046,SUP01,Plant A,Menswear,2025-05-12,1599,1401,1354,47,30,40.0,2.2,34.3,7316.7,294.02,1369.93,8980.65,True
WO00047,SUP01,Plant A,Menswear,2025-05-19,1343,1184,1159,25,7,40.0,2.7,33.9,7480.25,379.88,1414.82,9274.95,True
WO00048,SUP01,Plant A,Menswear,2025-05-26,1551,1405,1375,30,18,40.0,2.1,39.4,9854.59,321.53,1831.7,12007.82,True
WO00049,SUP01,Plant A,Menswear,2025-06-02,1319,1195,1164,31,19,40.0,3.3,34.2,8011.12,300.01,1496.0,9807.13,True
WO00050,SUP01,Plant A,Menswear,2025-06-09,1507,1059,1028,31,16,40.0,6.9,30.0,7574.43,325.15,1421.92,9321.5,True
WO00051,SUP01,Plant A,Menswear,2025-06-16,1309,1065,1047,18,11,40.0,2.4,38.6,6621.36,331.21,1251.46,8204.03,True
WO00052,SUP01,Plant A,Menswear,2025-06-23,1376,1321,1294,27,18,40.0,0.5,36.7,7959.1,352.91,1496.16,9808.17,True
WO00053,SUP01,Plant A,Menswear,2025-06-30,1318,1111,1069,42,19,40.0,3.6,37.2,7114.72,358.88,1345.25,8818.85,True
WO00054,SUP01,Plant A,Menswear,2025-07-07,1349,1165,1143,22,10,40.0,0.0,39.8,6030.95,409.54,1159.29,7599.78,True
WO00055,SUP01,Plant A,Menswear,2025-07-14,1504,1295,1254,41,25,40.0,2.9,37.4,7503.56,392.85,1421.35,9317.76,True
WO00056,SUP01,Plant A,Menswear,2025-07-21,1444,1122,1087,35,17,40.0,6.4,33.8,7741.36,312.91,1449.77,9504.04,True
WO00057,SUP01,Plant A,Menswear,2025-07-28,1438,1208,1163,45,14,40.0,4.7,33.7,6646.89,292.92,1249.17,8188.98,True
WO00058,SUP01,Plant A,Menswear,2025-08-04,1517,1156,1148,8,3,40.0,2.8,34.6,7285.71,293.36,1364.23,8943.3,True
WO00059,SUP01,Plant A,Menswear,2025-08-11,1586,1182,1161,21,12,40.0,8.3,33.0,6694.29,348.6,1267.72,8310.61,False
WO00060,SUP01,Plant A,Menswear,2025-08-18,1346,1148,1129,19,12,40.0,4.2,39.3,7080.76,446.3,1354.87,8881.93,True
WO00061,SUP01,Plant A,Menswear,2025-08-25,1325,1002,960,42,25,40.0,6.3,33.2,5919.8,285.61,1116.97,7322.38,True
WO00062,SUP01,Plant A,Menswear,2025-09-01,1570,1175,1137,38,18,40.0,4.4,36.2,7026.35,301.78,1319.06,8647.19,True
WO00063,SUP01,Plant A,Menswear,2025-09-08,1549,1270,1243,27,16,40.0,4.0,32.8,7111.78,333.19,1340.09,8785.06,True
WO00064,SUP01,Plant A,Menswear,2025-09-15,1550,1281,1218,63,31,40.0,4.6,38.3,8020.82,436.66,1522.35,9979.83,True
WO00065,SUP01,Plant A,Menswear,2025-09-22,1439,1182,1154,28,18,40.0,2.5,38.5,5948.44,360.18,1135.55,7444.17,True
WO00066,SUP01,Plant A,Menswear,2025-09-29,1287,1152,1121,31,16,40.0,2.2,34.1,6144.84,368.69,1172.44,7685.97,True
WO00067,SUP01,Plant A,Menswear,2025-10-06,1594,1324,1295,29,19,40.0,6.2,35.3,9783.87,392.82,1831.8,12008.49,True
WO00068,SUP01,Plant A,Menswear,2025-10-13,1316,920,907,13,7,40.0,7.5,35.6,6857.44,325.84,1292.99,8476.27,True
WO00069,SUP01,Plant A,Menswear,2025-10-20,1519,1187,1176,11,6,40.0,2.7,37.3,8851.01,367.77,1659.38,10878.16,True
WO00070,SUP01,Plant A,Menswear,2025-10-27,1411,1306,1284,22,13,40.0,2.3,40.9,9099.88,333.25,1697.96,11131.09,True
WO00071,SUP01,Plant A,Menswear,2025-11-03,1295,1163,1154,9,5,40.0,1.4,41.4,7813.38,463.82,1489.9,9767.1,False
WO00072,SUP01,Plant A,Menswear,2025-11-10,1355,1021,996,25,12,40.0,6.4,34.8,4685.19,334.27,903.5,5922.96,True
WO00073,SUP01,Plant A,Menswear,2025-11-17,1494,1151,1100,51,32,40.0,1.4,37.0,7217.88,354.75,1363.07,8935.7,True
WO00074,SUP01,Plant A,Menswear,2025-11-24,1563,1436,1392,44,25,40.0,1.3,41.1,10764.59,377.52,2005.58,13147.69,True
WO00075,SUP01,Plant A,Menswear,2025-12-01,1323,972,946,26,17,40.0,4.7,35.2,4765.81,333.05,917.79,6016.65,False
WO00076,SUP01,Plant A,Menswear,2025-12-08,1344,1056,1028,28,12,40.0,4.1,35.3,7790.77,388.58,1472.28,9651.63,True
WO00077,SUP01,Plant A,Menswear,2025-12-15,1371,1048,1043,5,3,40.0,3.3,36.9,7049.85,382.39,1337.8,8770.04,True
WO00078,SUP01,Plant A,Menswear,2025-12-22,1375,1293,1256,37,24,40.0,0.9,37.4,7996.52,417.68,1514.56,9928.76,True
WO00079,SUP01,Plant A,Menswear,2025-12-29,1420,1229,1206,23,14,40.0,4.8,38.1,8434.34,333.02,1578.12,10345.48,True
WO00080,SUP01,Plant A,Menswear,2026-01-05,1312,1103,1072,31,14,40.0,2.6,33.9,8139.39,285.17,1516.42,9940.98,False
WO00081,SUP01,Plant A,Menswear,2026-01-12,1358,1140,1115,25,10,40.0,1.6,35.0,5511.67,333.83,1052.19,6897.69,False
WO00082,SUP01,Plant A,Menswear,2026-01-19,1503,1364,1334,30,13,40.0,1.7,34.5,6596.59,395.06,1258.5,8250.15,False
WO00083,SUP01,Plant A,Menswear,2026-01-26,1442,1181,1142,39,23,40.0,1.1,41.6,6236.91,386.46,1192.21,7815.58,True
WO00084,SUP01,Plant A,Menswear,2026-02-02,1433,1364,1326,38,25,40.0,1.7,34.9,8023.47,378.53,1512.36,9914.36,True
WO00085,SUP01,Plant A,Menswear,2026-02-09,1295,1114,1085,29,10,40.0,3.1,33.4,5382.72,350.05,1031.9,6764.67,True
WO00086,SUP01,Plant A,Menswear,2026-02-16,1462,1164,1134,30,19,40.0,1.5,39.5,5806.3,438.12,1124.0,7368.42,True
WO00087,SUP01,Plant A,Menswear,2026-02-23,1361,1097,1043,54,37,40.0,2.9,36.1,7612.61,334.78,1430.53,9377.92,True
WO00088,SUP01,Plant A,Menswear,2026-03-02,1472,1190,1150,40,13,40.0,6.0,30.8,6591.93,248.75,1231.32,8072.0,True
WO00089,SUP01,Plant A,Menswear,2026-03-09,1512,1252,1201,51,33,40.0,6.9,33.8,6107.35,289.83,1151.49,7548.67,True
WO00090,SUP01,Plant A,Menswear,2026-03-16,1335,1037,1012,25,7,40.0,3.6,40.0,6485.31,340.31,1228.61,8054.23,True
WO00091,SUP01,Plant A,Menswear,2026-03-23,1561,1247,1219,28,8,40.0,3.1,37.6,6714.18,400.61,1280.66,8395.45,True
WO00092,SUP01,Plant A,Menswear,2026-03-30,1285,1078,1038,40,16,40.0,5.5,35.3,6641.15,338.34,1256.31,8235.8,True
WO00093,SUP01,Plant A,Menswear,2026-04-06,1512,1184,1173,11,5,40.0,5.7,34.4,5372.29,384.73,1036.26,6793.28,True
WO00094,SUP01,Plant A,Menswear,2026-04-13,1410,1245,1220,25,14,40.0,2.2,35.1,9193.89,305.85,1709.95,11209.69,True
WO00095,SUP01,Plant A,Menswear,2026-04-20,1554,1200,1200,0,0,40.0,4.1,38.6,6764.59,388.63,1287.58,8440.8,True
WO00096,SUP01,Plant A,Menswear,2026-04-27,1513,1348,1333,15,9,40.0,4.3,38.3,9293.51,321.7,1730.74,11345.95,True
WO00097,SUP01,Plant A,Menswear,2026-05-04,1517,1409,1374,35,20,40.0,2.8,40.1,8008.6,371.99,1508.51,9889.1,True
WO00098,SUP01,Plant A,Menswear,2026-05-11,1465,1344,1317,27,13,40.0,2.1,35.6,7568.89,340.92,1423.77,9333.58,True
WO00099,SUP01,Plant A,Menswear,2026-05-18,1332,977,945,32,12,40.0,4.3,32.8,6605.02,377.99,1256.94,8239.95,True
WO00100,SUP01,Plant A,Menswear,2026-05-25,1344,1184,1163,21,8,40.0,0.8,35.6,7038.26,421.41,1342.74,8802.41,True
WO00101,SUP01,Plant A,Menswear,2026-06-01,1438,1322,1293,29,17,40.0,0.0,43.0,9524.91,513.35,1806.89,11845.15,True
WO00102,SUP01,Plant A,Menswear,2026-06-08,1584,1431,1374,57,29,40.0,1.3,35.6,10070.51,372.63,1879.77,12322.91,True
WO00103,SUP01,Plant A,Menswear,2026-06-15,1332,1096,1055,41,21,40.0,3.6,38.1,5905.36,361.38,1128.01,7394.75,True
WO00104,SUP01,Plant A,Menswear,2026-06-22,1523,1400,1376,24,8,40.0,3.2,39.7,6721.66,359.61,1274.63,8355.9,True
WO00105,SUP01,Plant A,Womenswear,2024-07-01,1337,1131,1112,19,11,40.0,4.3,38.2,8056.93,357.45,1514.59,9928.97,True
WO00106,SUP01,Plant A,Womenswear,2024-07-08,1359,1228,1211,17,11,40.0,0.0,42.2,7433.07,420.41,1413.63,9267.11,True
WO00107,SUP01,Plant A,Womenswear,2024-07-15,1451,1238,1207,31,21,40.0,3.0,36.8,9111.21,318.48,1697.34,11127.03,True
WO00108,SUP01,Plant A,Womenswear,2024-07-22,1346,1193,1151,42,28,40.0,3.3,35.4,7544.99,349.05,1420.93,9314.97,True
WO00109,SUP01,Plant A,Womenswear,2024-07-29,1450,1004,975,29,17,40.0,4.2,35.6,4978.47,415.9,970.99,6365.36,True
WO00110,SUP01,Plant A,Womenswear,2024-08-05,1296,979,929,50,30,40.0,6.2,35.7,5028.01,417.52,980.2,6425.73,True
WO00111,SUP01,Plant A,Womenswear,2024-08-12,1484,1155,1130,25,8,40.0,3.4,36.3,5644.59,312.52,1072.28,7029.39,True
WO00112,SUP01,Plant A,Womenswear,2024-08-19,1405,1077,1064,13,6,40.0,4.7,36.4,6784.12,360.04,1285.95,8430.11,True
WO00113,SUP01,Plant A,Womenswear,2024-08-26,1389,1197,1162,35,11,40.0,4.0,35.7,8591.42,392.65,1617.13,10601.2,True
WO00114,SUP01,Plant A,Womenswear,2024-09-02,1450,1308,1253,55,24,40.0,2.5,39.3,7467.92,402.72,1416.72,9287.36,True
WO00115,SUP01,Plant A,Womenswear,2024-09-09,1442,1255,1225,30,13,40.0,3.8,35.6,7304.29,302.71,1369.26,8976.26,False
WO00116,SUP01,Plant A,Womenswear,2024-09-16,1493,1331,1292,39,16,40.0,2.8,35.0,9096.66,400.49,1709.49,11206.64,True
WO00117,SUP01,Plant A,Womenswear,2024-09-23,1493,1231,1206,25,10,40.0,3.6,37.7,8901.34,332.14,1662.03,10895.51,True
WO00118,SUP01,Plant A,Womenswear,2024-09-30,1504,1135,1107,28,15,40.0,2.8,35.9,8431.22,344.59,1579.65,10355.46,True
WO00119,SUP01,Plant A,Womenswear,2024-10-07,1287,1111,1071,40,19,40.0,2.4,40.8,7845.83,378.99,1480.47,9705.29,True
WO00120,SUP01,Plant A,Womenswear,2024-10-14,1436,1149,1133,16,10,40.0,3.7,39.4,8077.43,469.37,1538.42,10085.22,True
WO00121,SUP01,Plant A,Womenswear,2024-10-21,1524,1382,1371,11,4,40.0,3.7,37.3,7418.52,336.87,1395.97,9151.36,True
WO00122,SUP01,Plant A,Womenswear,2024-10-28,1411,1063,1022,41,15,40.0,6.4,30.3,5855.42,339.06,1115.01,7309.49,True
WO00123,SUP01,Plant A,Womenswear,2024-11-04,1324,1055,1032,23,16,40.0,3.1,34.6,5234.79,335.32,1002.62,6572.73,True
WO00124,SUP01,Plant A,Womenswear,2024-11-11,1578,1236,1208,28,17,40.0,6.4,32.1,8843.02,341.99,1653.3,10838.31,False
WO00125,SUP01,Plant A,Womenswear,2024-11-18,1546,1232,1211,21,10,40.0,4.8,36.5,7956.33,436.84,1510.77,9903.94,True
WO00126,SUP01,Plant A,Womenswear,2024-11-25,1445,1137,1096,41,17,40.0,6.7,33.1,6565.41,271.61,1230.66,8067.68,True
WO00127,SUP01,Plant A,Womenswear,2024-12-02,1393,1041,1025,16,7,40.0,4.9,33.8,7023.07,378.75,1332.33,8734.15,True
WO00128,SUP01,Plant A,Womenswear,2024-12-09,1565,1312,1262,50,18,40.0,3.7,36.5,6169.75,299.71,1164.5,7633.96,False
WO00129,SUP01,Plant A,Womenswear,2024-12-16,1419,1194,1169,25,15,40.0,3.0,34.5,5899.07,394.79,1132.89,7426.75,True
WO00130,SUP01,Plant A,Womenswear,2024-12-23,1452,1359,1328,31,18,40.0,2.1,36.0,9182.74,360.6,1717.8,11261.14,True
WO00131,SUP01,Plant A,Womenswear,2024-12-30,1428,1170,1149,21,12,40.0,0.0,37.0,5566.8,322.09,1060.0,6948.89,True
WO00132,SUP01,Plant A,Womenswear,2025-01-06,1543,1349,1311,38,21,40.0,3.9,35.8,7660.64,411.71,1453.02,9525.37,True
WO00133,SUP01,Plant A,Womenswear,2025-01-13,1559,1319,1292,27,11,40.0,0.7,41.2,8176.83,420.39,1547.5,10144.72,True
WO00134,SUP01,Plant A,Womenswear,2025-01-20,1507,1268,1254,14,6,40.0,2.7,35.5,7298.57,391.62,1384.23,9074.42,True
WO00135,SUP01,Plant A,Womenswear,2025-01-27,1459,1239,1202,37,15,40.0,3.8,36.7,8090.62,303.3,1510.91,9904.83,False
WO00136,SUP01,Plant A,Womenswear,2025-02-03,1347,1173,1136,37,24,40.0,2.9,36.9,6953.87,433.29,1329.69,8716.85,False
WO00137,SUP01,Plant A,Womenswear,2025-02-10,1348,942,929,13,5,40.0,7.4,30.0,4823.94,290.73,920.64,6035.31,True
WO00138,SUP01,Plant A,Womenswear,2025-02-17,1323,1108,1090,18,5,40.0,2.2,36.7,5866.22,383.22,1124.9,7374.34,True
WO00139,SUP01,Plant A,Womenswear,2025-02-24,1564,1167,1158,9,3,40.0,2.1,38.8,5678.51,442.69,1101.82,7223.02,True
WO00140,SUP01,Plant A,Womenswear,2025-03-03,1542,1319,1301,18,8,40.0,4.3,34.4,9689.29,354.58,1807.9,11851.77,True
WO00141,SUP01,Plant A,Womenswear,2025-03-10,1334,1112,1084,28,12,40.0,1.3,39.4,5431.18,365.8,1043.46,6840.44,True
WO00142,SUP01,Plant A,Womenswear,2025-03-17,1313,969,926,43,19,40.0,6.1,33.5,6201.06,392.19,1186.78,7780.03,True
WO00143,SUP01,Plant A,Womenswear,2025-03-24,1405,1347,1289,58,28,40.0,0.4,40.9,8301.83,379.67,1562.67,10244.17,True
WO00144,SUP01,Plant A,Womenswear,2025-03-31,1401,1036,998,38,17,40.0,7.0,31.1,6410.79,342.79,1215.64,7969.22,True
WO00145,SUP01,Plant A,Womenswear,2025-04-07,1544,1293,1252,41,13,40.0,4.8,38.3,7340.95,447.94,1402.0,9190.89,True
WO00146,SUP01,Plant A,Womenswear,2025-04-14,1281,1207,1172,35,10,40.0,2.3,39.5,8517.12,394.43,1604.08,10515.63,True
WO00147,SUP01,Plant A,Womenswear,2025-04-21,1281,984,960,24,10,40.0,4.0,36.5,5226.05,315.45,997.47,6538.97,True
WO00148,SUP01,Plant A,Womenswear,2025-04-28,1438,1244,1237,7,4,40.0,4.0,33.7,7815.83,387.97,1476.68,9680.48,True
WO00149,SUP01,Plant A,Womenswear,2025-05-05,1312,1107,1083,24,16,40.0,4.7,36.0,6392.86,341.28,1212.15,7946.29,True
WO00150,SUP01,Plant A,Womenswear,2025-05-12,1317,1018,988,30,12,40.0,5.1,37.5,4654.21,378.07,905.81,5938.09,True
WO00151,SUP01,Plant A,Womenswear,2025-05-19,1500,1271,1240,31,16,40.0,2.0,34.5,7480.07,348.07,1409.07,9237.21,True
WO00152,SUP01,Plant A,Womenswear,2025-05-26,1324,957,946,11,7,40.0,5.0,34.4,6629.05,409.28,1266.9,8305.23,False
WO00153,SUP01,Plant A,Womenswear,2025-06-02,1488,1051,1035,16,7,40.0,8.9,28.2,6415.1,337.67,1215.5,7968.27,True
WO00154,SUP01,Plant A,Womenswear,2025-06-09,1292,1184,1156,28,8,40.0,2.0,41.3,8302.71,349.81,1557.45,10209.97,False
WO00155,SUP01,Plant A,Womenswear,2025-06-16,1547,1239,1216,23,12,40.0,4.4,34.8,7229.62,287.19,1353.03,8869.84,True
WO00156,SUP01,Plant A,Womenswear,2025-06-23,1379,1205,1192,13,4,40.0,2.7,40.0,7981.36,452.8,1518.15,9952.31,True
WO00157,SUP01,Plant A,Womenswear,2025-06-30,1549,1412,1371,41,21,40.0,0.3,40.1,10161.83,476.68,1914.93,12553.44,True
WO00158,SUP01,Plant A,Womenswear,2025-07-07,1434,1213,1209,4,1,40.0,2.9,34.1,5740.29,379.17,1101.5,7220.96,True
WO00159,SUP01,Plant A,Womenswear,2025-07-14,1577,1180,1144,36,13,40.0,6.5,36.7,6084.21,369.31,1161.63,7615.15,True
WO00160,SUP01,Plant A,Womenswear,2025-07-21,1592,1227,1200,27,8,40.0,5.9,32.1,7614.41,373.96,1437.91,9426.28,True
WO00161,SUP01,Plant A,Womenswear,2025-07-28,1480,1180,1119,61,39,40.0,4.5,38.7,6541.57,323.62,1235.73,8100.92,True
WO00162,SUP01,Plant A,Womenswear,2025-08-04,1420,1130,1105,25,12,40.0,5.4,32.4,6172.29,343.85,1172.91,7689.05,True
WO00163,SUP01,Plant A,Womenswear,2025-08-11,1419,1171,1132,39,26,40.0,5.3,32.5,5646.49,324.69,1074.81,7045.99,True
WO00164,SUP01,Plant A,Womenswear,2025-08-18,1442,1040,1030,10,4,40.0,2.6,36.8,4888.5,381.68,948.63,6218.81,True
WO00165,SUP01,Plant A,Womenswear,2025-08-25,1484,1332,1275,57,37,40.0,4.1,35.7,6235.08,403.01,1194.86,7832.95,True
WO00166,SUP01,Plant A,Womenswear,2025-09-01,1530,1173,1112,61,33,40.0,6.4,32.5,7609.94,347.34,1432.31,9389.59,True
WO00167,SUP01,Plant A,Womenswear,2025-09-08,1398,1205,1175,30,17,40.0,4.4,35.3,6201.51,387.62,1186.04,7775.17,True
WO00168,SUP01,Plant A,Womenswear,2025-09-15,1343,989,967,22,8,40.0,3.5,33.7,7287.09,290.42,1363.95,8941.46,True
WO00169,SUP01,Plant A,Womenswear,2025-09-22,1373,1124,1092,32,18,40.0,4.6,33.1,6264.11,328.14,1186.61,7778.86,True
WO00170,SUP01,Plant A,Womenswear,2025-09-29,1367,1184,1164,20,11,40.0,2.3,34.5,7036.95,383.95,1335.76,8756.66,True
WO00171,SUP01,Plant A,Womenswear,2025-10-06,1540,1334,1311,23,10,40.0,1.1,36.3,7873.87,347.33,1479.82,9701.02,True
WO00172,SUP01,Plant A,Womenswear,2025-10-13,1520,1144,1115,29,13,40.0,7.5,31.2,6415.34,279.05,1204.99,7899.38,True
WO00173,SUP01,Plant A,Womenswear,2025-10-20,1577,1207,1205,2,1,40.0,6.1,34.6,8653.39,402.55,1630.07,10686.01,True
WO00174,SUP01,Plant A,Womenswear,2025-10-27,1427,1108,1108,0,0,40.0,5.9,33.5,6874.59,341.99,1298.98,8515.56,True
WO00175,SUP01,Plant A,Womenswear,2025-11-03,1314,1208,1203,5,3,40.0,1.6,41.3,8660.99,382.33,1627.8,10671.12,True
WO00176,SUP01,Plant A,Womenswear,2025-11-10,1365,1046,1043,3,1,40.0,6.2,32.4,5239.83,284.5,994.38,6518.71,False
WO00177,SUP01,Plant A,Womenswear,2025-11-17,1583,1254,1233,21,7,40.0,2.8,34.8,8697.7,315.25,1622.33,10635.28,True
WO00178,SUP01,Plant A,Womenswear,2025-11-24,1324,1088,1074,14,5,40.0,1.9,41.7,5759.65,405.32,1109.69,7274.66,True
WO00179,SUP01,Plant A,Womenswear,2025-12-01,1360,1176,1147,29,18,40.0,3.1,34.8,5307.19,357.91,1019.72,6684.82,True
WO00180,SUP01,Plant A,Womenswear,2025-12-08,1292,1005,974,31,10,40.0,5.9,33.4,6774.93,316.84,1276.52,8368.29,True
WO00181,SUP01,Plant A,Womenswear,2025-12-15,1342,1067,1059,8,4,40.0,2.6,38.8,7948.04,374.32,1498.02,9820.38,True
WO00182,SUP01,Plant A,Womenswear,2025-12-22,1575,1137,1110,27,9,40.0,6.7,33.1,5800.62,289.34,1096.19,7186.15,True
WO00183,SUP01,Plant A,Womenswear,2025-12-29,1372,1125,1103,22,8,40.0,3.9,34.5,5922.21,294.64,1119.03,7335.88,True
WO00184,SUP01,Plant A,Womenswear,2026-01-05,1408,897,872,25,7,40.0,9.3,28.6,5756.72,318.36,1093.51,7168.59,True
WO00185,SUP01,Plant A,Womenswear,2026-01-12,1573,1080,1033,47,15,40.0,5.8,36.8,5850.79,385.5,1122.53,7358.82,True
WO00186,SUP01,Plant A,Womenswear,2026-01-19,1321,1156,1152,4,1,40.0,4.1,38.6,7031.22,423.79,1341.9,8796.91,True
WO00187,SUP01,Plant A,Womenswear,2026-01-26,1519,1353,1344,9,4,40.0,2.6,37.5,8453.45,359.27,1586.29,10399.01,True
WO00188,SUP01,Plant A,Womenswear,2026-02-02,1572,1263,1238,25,12,40.0,6.0,31.8,8696.64,376.59,1633.18,10706.41,True
WO00189,SUP01,Plant A,Womenswear,2026-02-09,1573,1079,1054,25,12,40.0,8.3,34.8,5159.16,335.8,989.09,6484.05,True
WO00190,SUP01,Plant A,Womenswear,2026-02-16,1370,1188,1182,6,3,40.0,2.1,36.4,8090.97,340.25,1517.62,9948.84,True
WO00191,SUP01,Plant A,Womenswear,2026-02-23,1490,1280,1272,8,4,40.0,2.0,38.4,7663.12,315.68,1436.18,9414.98,True
WO00192,SUP01,Plant A,Womenswear,2026-03-02,1556,1278,1233,45,14,40.0,4.0,37.8,6738.69,433.43,1290.98,8463.1,True
WO00193,SUP01,Plant A,Womenswear,2026-03-09,1563,1433,1406,27,10,40.0,1.0,36.9,6565.36,436.68,1260.37,8262.41,True
WO00194,SUP01,Plant A,Womenswear,2026-03-16,1483,1381,1315,66,31,40.0,0.0,41.1,7049.46,474.8,1354.37,8878.63,True
WO00195,SUP01,Plant A,Womenswear,2026-03-23,1391,1119,1105,14,9,40.0,4.8,38.2,6150.57,331.44,1166.76,7648.77,True
WO00196,SUP01,Plant A,Womenswear,2026-03-30,1308,1139,1085,54,17,40.0,0.7,36.4,7952.23,375.68,1499.02,9826.93,True
WO00197,SUP01,Plant A,Womenswear,2026-04-06,1481,1247,1220,27,15,40.0,3.3,36.3,6906.12,358.3,1307.6,8572.02,True
WO00198,SUP01,Plant A,Womenswear,2026-04-13,1534,1252,1199,53,33,40.0,3.7,35.0,8210.8,399.9,1549.93,10160.63,False
WO00199,SUP01,Plant A,Womenswear,2026-04-20,1524,1377,1356,21,13,40.0,2.5,35.9,8546.35,328.82,1597.53,10472.7,True
WO00200,SUP01,Plant A,Womenswear,2026-04-27,1478,1025,999,26,15,40.0,8.0,33.1,6711.46,274.61,1257.49,8243.56,True
WO00201,SUP01,Plant A,Womenswear,2026-05-04,1410,1320,1302,18,10,40.0,1.1,36.9,9225.81,375.76,1728.28,11329.85,True
WO00202,SUP01,Plant A,Womenswear,2026-05-11,1431,1155,1123,32,15,40.0,6.9,33.3,7283.42,364.64,1376.65,9024.71,False
WO00203,SUP01,Plant A,Womenswear,2026-05-18,1445,1258,1217,41,19,40.0,0.0,43.7,7361.48,381.22,1393.69,9136.39,True
WO00204,SUP01,Plant A,Womenswear,2026-05-25,1310,1116,1093,23,13,40.0,3.5,33.1,6930.3,285.23,1298.8,8514.33,True
WO00205,SUP01,Plant A,Womenswear,2026-06-01,1333,1148,1124,24,11,40.0,3.4,38.5,5960.46,447.49,1153.43,7561.38,True
WO00206,SUP01,Plant A,Womenswear,2026-06-08,1521,1081,1080,1,0,40.0,5.4,32.9,5716.99,339.85,1090.23,7147.07,True
WO00207,SUP01,Plant A,Womenswear,2026-06-15,1596,1285,1285,0,0,40.0,4.5,33.4,7820.03,378.47,1475.73,9674.23,True
WO00208,SUP01,Plant A,Womenswear,2026-06-22,1420,1038,1015,23,14,40.0,6.6,31.8,5670.13,324.01,1078.95,7073.09,True
WO00209,SUP02,Plant B,Kidswear,2024-07-01,2342,1915,1834,81,35,40.0,3.9,34.8,9348.41,304.67,1737.55,11390.63,True
WO00210,SUP02,Plant B,Kidswear,2024-07-08,2312,2130,2106,24,7,40.0,0.0,38.5,10716.04,409.0,2002.51,13127.55,True
WO00211,SUP02,Plant B,Kidswear,2024-07-15,2113,1662,1624,38,24,40.0,4.5,33.1,10503.34,323.68,1948.86,12775.88,True
WO00212,SUP02,Plant B,Kidswear,2024-07-22,2117,1703,1658,45,16,40.0,5.5,37.2,10470.86,319.93,1942.34,12733.13,True
WO00213,SUP02,Plant B,Kidswear,2024-07-29,2423,1966,1942,24,11,40.0,2.3,36.2,11661.72,341.68,2160.61,14164.01,True
WO00214,SUP02,Plant B,Kidswear,2024-08-05,2103,1587,1546,41,19,40.0,6.3,34.6,10047.63,384.29,1877.75,12309.67,True
WO00215,SUP02,Plant B,Kidswear,2024-08-12,2450,1858,1837,21,8,40.0,5.5,31.3,9607.29,307.35,1784.64,11699.28,True
WO00216,SUP02,Plant B,Kidswear,2024-08-19,2171,1871,1801,70,47,40.0,1.3,34.9,13611.31,412.09,2524.21,16547.61,False
WO00217,SUP02,Plant B,Kidswear,2024-08-26,2476,2182,2148,34,17,40.0,2.6,34.3,15381.72,358.62,2833.26,18573.6,True
WO00218,SUP02,Plant B,Kidswear,2024-09-02,2296,1787,1774,13,4,40.0,5.6,36.0,12592.87,356.04,2330.8,15279.71,True
WO00219,SUP02,Plant B,Kidswear,2024-09-09,2242,1834,1770,64,23,40.0,2.3,35.6,10805.5,419.02,2020.41,13244.93,True
WO00220,SUP02,Plant B,Kidswear,2024-09-16,2191,1674,1656,18,7,40.0,6.7,34.1,12186.74,307.98,2249.05,14743.77,True
WO00221,SUP02,Plant B,Kidswear,2024-09-23,2593,2004,1972,32,13,40.0,2.7,34.1,11875.54,375.61,2205.21,14456.36,True
WO00222,SUP02,Plant B,Kidswear,2024-09-30,2254,1982,1957,25,11,40.0,2.2,41.2,12788.62,348.7,2364.72,15502.04,True
WO00223,SUP02,Plant B,Kidswear,2024-10-07,2334,1962,1931,31,9,40.0,3.0,35.5,9651.79,346.63,1799.72,11798.14,True
WO00224,SUP02,Plant B,Kidswear,2024-10-14,2351,2018,1927,91,40,40.0,2.9,38.2,9738.87,307.71,1808.38,11854.96,True
WO00225,SUP02,Plant B,Kidswear,2024-10-21,2317,1868,1821,47,24,40.0,3.8,36.8,8528.34,370.23,1601.74,10500.31,True
WO00226,SUP02,Plant B,Kidswear,2024-10-28,2299,2117,2051,66,20,40.0,0.8,40.0,14377.67,365.57,2653.78,17397.02,True
WO00227,SUP02,Plant B,Kidswear,2024-11-04,2408,2261,2217,44,21,40.0,2.4,37.9,11169.86,354.18,2074.33,13598.37,True
WO00228,SUP02,Plant B,Kidswear,2024-11-11,2088,1979,1915,64,31,40.0,1.3,42.4,11724.84,361.4,2175.52,14261.76,False
WO00229,SUP02,Plant B,Kidswear,2024-11-18,2571,2136,2100,36,16,40.0,3.8,39.3,12831.46,467.06,2393.73,15692.25,True
WO00230,SUP02,Plant B,Kidswear,2024-11-25,2342,1941,1880,61,39,40.0,0.8,38.3,11824.9,456.0,2210.56,14491.46,True
WO00231,SUP02,Plant B,Kidswear,2024-12-02,2236,1929,1864,65,37,40.0,2.7,34.9,12585.64,315.98,2322.29,15223.91,True
WO00232,SUP02,Plant B,Kidswear,2024-12-09,2261,1628,1615,13,8,40.0,7.3,33.1,8370.35,383.97,1575.78,10330.1,True
WO00233,SUP02,Plant B,Kidswear,2024-12-16,2100,1999,1881,118,70,40.0,1.1,36.1,13834.74,424.09,2566.59,16825.42,True
WO00234,SUP02,Plant B,Kidswear,2024-12-23,2449,2007,1916,91,33,40.0,1.3,38.8,12242.2,338.01,2264.44,14844.65,True
WO00235,SUP02,Plant B,Kidswear,2024-12-30,2087,1682,1647,35,12,40.0,4.6,33.6,8951.13,273.21,1660.38,10884.72,True
WO00236,SUP02,Plant B,Kidswear,2025-01-06,2180,1838,1838,0,0,40.0,3.4,33.6,8409.98,295.96,1567.07,10273.01,True
WO00237,SUP02,Plant B,Kidswear,2025-01-13,2595,2074,2034,40,17,40.0,5.1,36.9,14091.32,419.81,2612.0,17123.13,True
WO00238,SUP02,Plant B,Kidswear,2025-01-20,2305,2007,1936,71,47,40.0,3.7,33.4,15017.99,370.08,2769.85,18157.92,False
WO00239,SUP02,Plant B,Kidswear,2025-01-27,2421,1916,1880,36,19,40.0,5.0,37.5,9184.63,341.39,1714.68,11240.7,True
WO00240,SUP02,Plant B,Kidswear,2025-02-03,2102,1694,1642,52,24,40.0,5.3,37.3,8996.87,431.75,1697.15,11125.77,True
WO00241,SUP02,Plant B,Kidswear,2025-02-10,2250,1801,1755,46,23,40.0,3.6,33.9,10005.98,347.92,1863.7,12217.6,True
WO00242,SUP02,Plant B,Kidswear,2025-02-17,2508,2276,2230,46,31,40.0,3.7,38.8,11212.29,392.11,2088.79,13693.19,True
WO00243,SUP02,Plant B,Kidswear,2025-02-24,2505,1947,1907,40,13,40.0,6.0,34.4,12973.1,283.3,2386.15,15642.55,True
WO00244,SUP02,Plant B,Kidswear,2025-03-03,2504,2158,2106,52,29,40.0,2.8,34.4,15777.47,398.31,2911.64,19087.42,True
WO00245,SUP02,Plant B,Kidswear,2025-03-10,2248,2043,2011,32,11,40.0,1.9,35.1,15321.06,344.73,2819.84,18485.63,True
WO00246,SUP02,Plant B,Kidswear,2025-03-17,2330,2019,1901,118,79,40.0,4.7,38.4,10991.74,361.75,2043.63,13397.12,True
WO00247,SUP02,Plant B,Kidswear,2025-03-24,2296,2093,2040,53,30,40.0,1.1,35.6,9661.82,377.89,1807.15,11846.86,True
WO00248,SUP02,Plant B,Kidswear,2025-03-31,2420,2105,2097,8,5,40.0,0.0,37.1,11494.32,351.46,2132.24,13978.02,True
WO00249,SUP02,Plant B,Kidswear,2025-04-07,2234,1864,1817,47,21,40.0,1.6,36.0,9852.52,378.28,1841.54,12072.34,True
WO00250,SUP02,Plant B,Kidswear,2025-04-14,2259,1933,1883,50,26,40.0,2.4,41.1,11725.46,478.37,2196.69,14400.52,True
WO00251,SUP02,Plant B,Kidswear,2025-04-21,2110,1891,1822,69,33,40.0,2.6,34.3,11697.78,291.76,2158.12,14147.66,True
WO00252,SUP02,Plant B,Kidswear,2025-04-28,2343,1872,1824,48,26,40.0,2.2,39.7,13155.23,455.61,2449.95,16060.79,False
WO00253,SUP02,Plant B,Kidswear,2025-05-05,2369,2093,2034,59,27,40.0,4.7,33.1,11547.23,357.98,2142.94,14048.15,True
WO00254,SUP02,Plant B,Kidswear,2025-05-12,2128,1781,1756,25,10,40.0,3.4,40.0,11798.33,417.68,2198.88,14414.89,True
WO00255,SUP02,Plant B,Kidswear,2025-05-19,2235,1773,1745,28,8,40.0,2.3,39.5,13025.56,435.53,2423.0,15884.09,True
WO00256,SUP02,Plant B,Kidswear,2025-05-26,2332,1728,1678,50,23,40.0,5.6,35.1,12431.85,420.5,2313.42,15165.77,False
WO00257,SUP02,Plant B,Kidswear,2025-06-02,2280,1984,1916,68,25,40.0,3.1,38.8,11881.91,453.07,2220.3,14555.28,False
WO00258,SUP02,Plant B,Kidswear,2025-06-09,2114,1797,1750,47,32,40.0,4.8,33.2,9154.55,341.78,1709.34,11205.67,True
WO00259,SUP02,Plant B,Kidswear,2025-06-16,2381,2117,2058,59,27,40.0,3.5,37.9,15040.67,359.23,2771.98,18171.88,True
WO00260,SUP02,Plant B,Kidswear,2025-06-23,2115,1839,1767,72,29,40.0,4.4,37.2,8641.82,425.95,1632.2,10699.97,True
WO00261,SUP02,Plant B,Kidswear,2025-06-30,2126,1766,1741,25,9,40.0,2.9,37.5,10205.24,419.33,1912.42,12536.99,True
WO00262,SUP02,Plant B,Kidswear,2025-07-07,2340,1851,1787,64,20,40.0,6.1,33.8,13251.32,360.34,2450.1,16061.76,True
WO00263,SUP02,Plant B,Kidswear,2025-07-14,2216,1977,1934,43,20,40.0,4.3,34.5,10708.31,310.62,1983.41,13002.34,True
WO00264,SUP02,Plant B,Kidswear,2025-07-21,2157,2142,2085,57,32,40.0,0.0,42.8,11165.4,368.18,2076.04,13609.62,False
WO00265,SUP02,Plant B,Kidswear,2025-07-28,2104,1910,1844,66,39,40.0,3.7,33.2,11987.92,366.01,2223.71,14577.64,True
WO00266,SUP02,Plant B,Kidswear,2025-08-04,2085,1584,1548,36,13,40.0,5.1,32.3,9766.57,335.46,1818.37,11920.4,True
WO00267,SUP02,Plant B,Kidswear,2025-08-11,2471,1919,1919,0,0,40.0,3.9,34.6,10534.07,405.78,1969.17,12909.02,True
WO00268,SUP02,Plant B,Kidswear,2025-08-18,2586,2270,2145,125,42,40.0,2.8,35.2,13808.2,291.09,2537.87,16637.16,True
WO00269,SUP02,Plant B,Kidswear,2025-08-25,2144,1812,1733,79,52,40.0,3.0,38.6,8527.02,415.62,1609.68,10552.32,True
WO00270,SUP02,Plant B,Kidswear,2025-09-01,2473,2197,2183,14,6,40.0,3.0,38.5,16193.9,398.48,2986.63,19579.01,True
WO00271,SUP02,Plant B,Kidswear,2025-09-08,2307,1734,1676,58,22,40.0,3.4,36.9,10307.11,379.56,1923.6,12610.27,False
WO00272,SUP02,Plant B,Kidswear,2025-09-15,2290,2053,2013,40,23,40.0,2.2,38.9,14105.61,408.41,2612.52,17126.54,True
WO00273,SUP02,Plant B,Kidswear,2025-09-22,2395,2226,2180,46,29,40.0,0.2,41.2,10620.75,427.21,1988.63,13036.59,True
WO00274,SUP02,Plant B,Kidswear,2025-09-29,2461,2083,2050,33,14,40.0,5.7,33.9,14773.31,369.28,2725.67,17868.26,True
WO00275,SUP02,Plant B,Kidswear,2025-10-06,2271,1962,1887,75,33,40.0,2.6,40.7,11802.33,363.83,2189.91,14356.07,False
WO00276,SUP02,Plant B,Kidswear,2025-10-13,2255,2009,1965,44,27,40.0,1.5,35.5,12708.89,420.19,2363.23,15492.31,True
WO00277,SUP02,Plant B,Kidswear,2025-10-20,2106,1787,1731,56,29,40.0,3.2,34.6,12434.58,345.81,2300.47,15080.86,False
WO00278,SUP02,Plant B,Kidswear,2025-10-27,2435,2045,2008,37,11,40.0,5.0,38.0,14951.38,384.93,2760.54,18096.85,True
WO00279,SUP02,Plant B,Kidswear,2025-11-03,2320,1810,1807,3,1,40.0,2.3,40.2,8936.87,358.05,1673.09,10968.01,True
WO00280,SUP02,Plant B,Kidswear,2025-11-10,2191,2019,1953,66,36,40.0,2.6,40.5,10000.07,471.98,1884.97,12357.02,True
WO00281,SUP02,Plant B,Kidswear,2025-11-17,2511,1871,1820,51,29,40.0,3.6,32.9,13797.27,340.27,2544.76,16682.3,True
WO00282,SUP02,Plant B,Kidswear,2025-11-24,2276,1909,1859,50,23,40.0,3.3,35.5,10021.25,358.91,1868.43,12248.59,True
WO00283,SUP02,Plant B,Kidswear,2025-12-01,2584,2346,2309,37,19,40.0,2.1,37.9,15087.65,447.22,2796.28,18331.15,True
WO00284,SUP02,Plant B,Kidswear,2025-12-08,2440,2013,1939,74,23,40.0,4.6,36.2,13154.82,397.73,2439.46,15992.01,True
WO00285,SUP02,Plant B,Kidswear,2025-12-15,2394,1976,1887,89,50,40.0,2.9,40.8,8985.68,417.4,1692.55,11095.63,True
WO00286,SUP02,Plant B,Kidswear,2025-12-22,2509,1852,1811,41,26,40.0,4.6,32.7,13479.87,265.0,2474.08,16218.95,True
WO00287,SUP02,Plant B,Kidswear,2025-12-29,2119,1705,1670,35,15,40.0,4.9,32.8,9979.83,315.19,1853.1,12148.12,True
WO00288,SUP02,Plant B,Kidswear,2026-01-05,2544,2278,2245,33,11,40.0,3.2,36.2,16692.08,427.26,3081.48,20200.82,True
WO00289,SUP02,Plant B,Kidswear,2026-01-12,2427,1944,1907,37,13,40.0,5.1,35.7,10104.24,380.71,1887.29,12372.24,True
WO00290,SUP02,Plant B,Kidswear,2026-01-19,2541,1936,1879,57,23,40.0,2.6,37.3,9858.98,426.84,1851.45,12137.27,True
WO00291,SUP02,Plant B,Kidswear,2026-01-26,2549,2288,2185,103,69,40.0,3.6,36.9,13196.01,377.91,2443.31,16017.23,True
WO00292,SUP02,Plant B,Kidswear,2026-02-02,2230,1695,1623,72,47,40.0,8.0,32.8,10276.66,318.63,1907.15,12502.44,True
WO00293,SUP02,Plant B,Kidswear,2026-02-09,2188,1607,1549,58,35,40.0,6.2,34.3,11391.67,314.33,2107.08,13813.08,True
WO00294,SUP02,Plant B,Kidswear,2026-02-16,2459,2098,2067,31,21,40.0,4.1,35.3,14563.79,387.53,2691.24,17642.56,True
WO00295,SUP02,Plant B,Kidswear,2026-02-23,2562,1896,1825,71,27,40.0,4.1,38.4,10787.59,367.73,2007.96,13163.28,True
WO00296,SUP02,Plant B,Kidswear,2026-03-02,2335,2044,1973,71,37,40.0,1.5,38.2,12964.78,373.94,2400.97,15739.69,True
WO00297,SUP02,Plant B,Kidswear,2026-03-09,2325,2023,1950,73,45,40.0,2.1,39.7,11175.33,444.73,2091.61,13711.67,True
WO00298,SUP02,Plant B,Kidswear,2026-03-16,2159,1851,1775,76,30,40.0,2.4,38.9,9746.21,390.73,1824.65,11961.59,True
WO00299,SUP02,Plant B,Kidswear,2026-03-23,2278,2030,1950,80,25,40.0,3.5,35.7,14437.77,383.95,2667.91,17489.63,True
WO00300,SUP02,Plant B,Kidswear,2026-03-30,2281,1911,1831,80,52,40.0,1.6,36.4,9576.35,384.79,1793.01,11754.15,True
WO00301,SUP02,Plant B,Kidswear,2026-04-06,2208,2173,2141,32,16,40.0,0.0,43.9,9857.65,448.92,1855.18,12161.75,True
WO00302,SUP02,Plant B,Kidswear,2026-04-13,2499,2129,2085,44,26,40.0,1.5,40.7,10453.37,389.65,1951.74,12794.76,True
WO00303,SUP02,Plant B,Kidswear,2026-04-20,2081,1877,1798,79,32,40.0,2.2,37.5,9468.66,379.44,1772.66,11620.76,True
WO00304,SUP02,Plant B,Kidswear,2026-04-27,2379,2242,2153,89,53,40.0,0.0,38.9,15353.85,343.3,2825.49,18522.64,True
WO00305,SUP02,Plant B,Kidswear,2026-05-04,2338,2127,2123,4,2,40.0,3.0,33.9,15200.04,379.34,2804.29,18383.67,True
WO00306,SUP02,Plant B,Kidswear,2026-05-11,2443,2011,1952,59,39,40.0,4.5,32.7,10954.51,271.08,2020.61,13246.2,True
WO00307,SUP02,Plant B,Kidswear,2026-05-18,2311,2001,2001,0,0,40.0,3.1,39.1,14331.7,320.44,2637.39,17289.53,True
WO00308,SUP02,Plant B,Kidswear,2026-05-25,2264,1922,1872,50,17,40.0,3.2,34.0,9244.76,358.74,1728.63,11332.13,True
WO00309,SUP02,Plant B,Kidswear,2026-06-01,2192,1764,1728,36,24,40.0,3.9,35.3,12361.39,293.01,2277.79,14932.19,True
WO00310,SUP02,Plant B,Kidswear,2026-06-08,2593,1921,1874,47,20,40.0,7.0,34.2,13084.29,410.16,2429.0,15923.45,True
WO00311,SUP02,Plant B,Kidswear,2026-06-15,2111,1632,1626,6,2,40.0,4.8,36.8,8243.92,318.8,1541.29,10104.01,False
WO00312,SUP02,Plant B,Kidswear,2026-06-22,2534,2297,2251,46,24,40.0,1.4,36.9,14448.54,359.35,2665.42,17473.31,True
